-- --------------------------------------------------------
-- Host:                         127.0.0.1
-- Versión del servidor:         5.5.25a - MySQL Community Server (GPL)
-- SO del servidor:              Win32
-- HeidiSQL Versión:             9.4.0.5125
-- --------------------------------------------------------

/*!40101 SET @OLD_CHARACTER_SET_CLIENT=@@CHARACTER_SET_CLIENT */;
/*!40101 SET NAMES utf8 */;
/*!50503 SET NAMES utf8mb4 */;
/*!40014 SET @OLD_FOREIGN_KEY_CHECKS=@@FOREIGN_KEY_CHECKS, FOREIGN_KEY_CHECKS=0 */;
/*!40101 SET @OLD_SQL_MODE=@@SQL_MODE, SQL_MODE='NO_AUTO_VALUE_ON_ZERO' */;

-- Volcando estructura para tabla ot2.aux
CREATE TABLE IF NOT EXISTS `aux` (
  `id` int(7) DEFAULT NULL,
  `nro_ot` int(7) DEFAULT NULL,
  `id_loc` int(1) DEFAULT NULL,
  `id_bar` int(4) DEFAULT NULL,
  `barrio` varchar(34) DEFAULT NULL,
  `id_cal` int(7) DEFAULT NULL,
  `calle` varchar(37) DEFAULT NULL,
  `altura` int(4) DEFAULT NULL,
  `id_motivo` int(3) DEFAULT NULL,
  `motivo` varchar(40) DEFAULT NULL,
  `cod_empleado_asig` int(5) DEFAULT NULL,
  `nombre_empleado_asig` varchar(10) DEFAULT NULL,
  `cod_cuadrilla_asig` int(2) DEFAULT NULL,
  `fchalta` varchar(26) DEFAULT NULL,
  `lat` decimal(29,12) DEFAULT NULL,
  `lng` decimal(29,12) DEFAULT NULL,
  `prioridad` int(1) DEFAULT NULL,
  `id_seg` varchar(10) DEFAULT NULL,
  `nro_sec` varchar(10) DEFAULT NULL,
  `id_txc` varchar(10) DEFAULT NULL,
  `id_inm` int(6) DEFAULT NULL,
  `nro_form` varchar(10) DEFAULT NULL,
  `fchregistracion` varchar(10) DEFAULT NULL,
  `observacion` varchar(257) DEFAULT NULL,
  `geren` varchar(1) DEFAULT NULL
) ENGINE=InnoDB DEFAULT CHARSET=utf8;

-- Volcando datos para la tabla ot2.aux: ~121 rows (aproximadamente)
DELETE FROM `aux`;
/*!40000 ALTER TABLE `aux` DISABLE KEYS */;
INSERT INTO `aux` (`id`, `nro_ot`, `id_loc`, `id_bar`, `barrio`, `id_cal`, `calle`, `altura`, `id_motivo`, `motivo`, `cod_empleado_asig`, `nombre_empleado_asig`, `cod_cuadrilla_asig`, `fchalta`, `lat`, `lng`, `prioridad`, `id_seg`, `nro_sec`, `id_txc`, `id_inm`, `nro_form`, `fchregistracion`, `observacion`, `geren`) VALUES
	(1015631, 1015631, 1, 175, 'SANTA ANA IV', 1001751, 'MANZANA 745', 1, 178, 'PERDIDA DE AGUA EN CALZADA', 50422, '', 2, '2019-01-23 11:15:01.813116', -24.851866810444, -65.463960718917, 3, '', '', '', 104739, '', '', 'ANTECEDENTES: Nro.Reclamo 2717741:USUARIO MANIFIESTA PERDIDA DE AGUA EN CALZADA / Nro.Reclamo 2721784', 'S'),
	(1016700, 1016700, 1, 167, 'DON CEFERINO', 37826, 'COSTANERA AVDA.', 910, 178, 'PERDIDA DE AGUA EN CALZADA', 50425, '', 3, '2019-01-23 11:15:01.813116', -24.813053469910, -65.404782405071, 3, '', '', '', 55978, '', '', '', 'S'),
	(1018060, 1018060, 1, 44, 'VELEZ SARSFIELD', 2808, 'VELEZ SARSFIELD', 295, 179, 'PERDIDA DE AGUA EN VEREDA', 50425, '', 3, '2019-01-23 11:15:01.813116', -24.803216115625, -65.420303058819, 3, '', '', '', 53350, '', '', '', 'S'),
	(1018070, 1018070, 1, 277, 'AMPLIACION BANCARIO', 4456, 'BLOCK', 0, 194, 'DESCUBRIR ABRAZADERA', 50926, '', 50, '2019-01-23 11:15:01.813116', -24.844089683493, -65.431755362804, 3, '', '', '', 109713, '', '', '', 'S'),
	(1018473, 1018473, 1, 84, 'AMPLIACION FLORESTA', 1095, 'FABREGA ALEJANDRO', 1715, 179, 'PERDIDA DE AGUA EN VEREDA', 50841, '', 4, '2019-01-23 11:15:01.813116', -24.805123523349, -65.373338817916, 3, '', '', '', 365310, '', '', 'ANTECEDENTES: Nro.Reclamo 2721149:USUARIA REITERA RECLAMO INFORMA QUE PERDIDA PERSISTE Y NO SE REALIZO INTERVENCION ANTERIOR EL DIA DE AYER UNA PERSONA MAYOR SE CAYO POR QUE EL AGUA YA ESTA VERDE Y TAMBIEN PERJUDICA A POSTE DE CABLE... / Nro.Reclamo 2723719', 'S'),
	(1018637, 1018637, 1, 518, 'LOS PROFESIONALES', 35102, 'MANZANA 80 A', 6, 178, 'PERDIDA DE AGUA EN CALZADA', 50425, '', 3, '2019-01-23 11:15:01.813116', -24.776771471025, -65.452434015512, 3, '', '', '', 217985, '', '', 'ANTECEDENTES: Nro.Reclamo 2721531:USUARTIA INFORMA PERDIDA BUNDANTE, PRODUCE HUNDIMIENTO DE TERRENO.', 'S'),
	(1018652, 1018652, 1, 194, 'VILLA SOLEDAD', 2122, 'DE LOS ARTESANOS', 232, 179, 'PERDIDA DE AGUA EN VEREDA', 50842, '', 34, '2019-01-23 11:15:01.813116', -24.806775383548, -65.400878022031, 3, '', '', '', 22258, '', '', '', 'S'),
	(1019081, 1019081, 1, 98, 'EL TRIBUNO', 7746, 'DIARIO EL PARANA DE E. RIOS', 2587, 179, 'PERDIDA DE AGUA EN VEREDA', 50926, '', 50, '2019-01-23 11:15:01.813116', -24.848935663484, -65.442053788872, 3, '', '', '', 61911, '', '', 'ANTECEDENTES: Nro.Reclamo 2721957:US MANIFIESTA PERDIDA ABUNDANTE EN CALZADA ALUDE LA MISMA YA FUE REPARADA Y VOLVIO A SURGIR Y TIENE REPARACIONES US SOLICITA SE HAGA UNA REPARACION DEFINITIVA. / Nro.Reclamo 2722160', 'S'),
	(1019113, 1019113, 1, 450, 'SAN ISIDRO', 40152, 'MANZANA 212', 10, 178, 'PERDIDA DE AGUA EN CALZADA', 50425, '', 3, '2019-01-23 11:15:01.813116', -24.790074757243, -65.444054952981, 3, '', '', '', 282335, '', '', 'ANTECEDENTES: Nro.Reclamo 2721996:', 'S'),
	(1019184, 1019184, 1, 149, 'LAS PALMERAS III Y V', 23835, 'MANZANA 110 C', 8, 178, 'PERDIDA DE AGUA EN CALZADA', 50425, '', 3, '2019-01-23 11:15:01.813116', -24.789526089750, -65.454689905445, 3, '', '', '', 208875, '', '', 'ANTECEDENTES: Nro.Reclamo 2721980:USUARIA MANIFIESTA PERDIDA DE AGUA EN CALZADA / Nro.Reclamo 2723881', 'S'),
	(1019440, 1019440, 1, 171, 'VILLA LOS SAUCES', 11887, 'JUAN XXIII', 923, 178, 'PERDIDA DE AGUA EN CALZADA', 50422, '', 2, '2019-01-23 11:15:01.813116', -24.797080900896, -65.446313673180, 3, '', '', '', 44875, '', '', 'ANTECEDENTES: Nro.Reclamo 2722512:USUARIO MANIFESTA PERDIDA', 'S'),
	(1019686, 1019686, 1, 223, 'SAN MARTIN', 21872, 'SANTIAGO DEL ESTERO', 1497, 178, 'PERDIDA DE AGUA EN CALZADA', 50839, '', 49, '2019-01-23 11:15:01.813116', -24.784227148766, -65.422842784677, 3, '', '', '', 97512, '', '', 'ANTECEDENTES: Nro.Reclamo 2722894:USUARIA MANIF PERDIDA DE AGUA EN CALZADA', 'S'),
	(1019769, 1019769, 1, 142, 'LAS LE?AS I', 22036, 'SAVIO MANUEL NICOLAS GRAL.', 30, 178, 'PERDIDA DE AGUA EN CALZADA', 50422, '', 2, '2019-01-23 11:15:01.813116', -24.773707176232, -65.441803238232, 3, '', '', '', 103352, '', '', 'ANTECEDENTES: Nro.Reclamo 2722988:USUARIO INBFORMA PERDIDA ABUNDANTE, AGUA EN EL PAVIMENTO Y PARED DE INGRESO AL IMNUEBLE.', 'S'),
	(1019786, 1019786, 1, 229, 'VICENTE SOLA', 22643, 'TAMAYO JUAN ESTEBAN', 361, 179, 'PERDIDA DE AGUA EN VEREDA', 50621, '', 56, '2019-01-23 11:15:01.813116', -24.762949588131, -65.405576482236, 1, '', '', '', 80342, '', '', 'ANTECEDENTES: Nro.Reclamo 2723021:USUARIO INFORMA PERDIDA ABUNDANTE.', 'S'),
	(1019821, 1019821, 1, 36, 'EL MILAGRO', 10855, 'ITALIA', 1835, 178, 'PERDIDA DE AGUA EN CALZADA', 50841, '', 4, '2019-01-23 11:15:01.813116', -24.813354425828, -65.383900882264, 3, '', '', '', 52459, '', '', 'ANTECEDENTES: Nro.Reclamo 2723077:USUARIO MANIFIESTA PERDIDA DE AGUA EN CALZADA', 'S'),
	(1019831, 1019831, 1, 164, 'GRAND BOURG', 8740, 'FIGUEROA ALCORTA', 1128, 187, 'PERDIDA DE AGUA EN GABINETE', 50928, '', 44, '2019-01-23 11:15:01.813116', -24.773329489596, -65.446752184405, 3, '', '', '', 67937, '', '', 'ANTECEDENTES: Nro.Reclamo 2723065:USUARIO INFORMA PERDIDA.,', 'S'),
	(1019857, 1019857, 1, 229, 'VICENTE SOLA', 9735, 'GORRITI PACHI GRAL.', 7, 179, 'PERDIDA DE AGUA EN VEREDA', 50842, '', 34, '2019-01-23 11:15:01.813116', -24.756559636924, -65.401680149902, 3, '', '', '', 265697, '', '', '', 'S'),
	(1019877, 1019877, 1, 89, 'VILLA SAN ANTONIO', 23430, 'TEDIN VIRGILIO', 851, 178, 'PERDIDA DE AGUA EN CALZADA', 50928, '', 44, '2019-01-23 11:15:01.813116', -24.806384789688, -65.415526869922, 3, '', '', '', 68836, '', '', '', 'S'),
	(1019885, 1019885, 1, 164, 'GRAND BOURG', 8740, 'FIGUEROA ALCORTA', 898, 179, 'PERDIDA DE AGUA EN VEREDA', 50425, '', 3, '2019-01-23 11:15:01.813116', -24.778629012226, -65.446992221472, 3, '', '', '', 68388, '', '', 'ANTECEDENTES: Nro.Reclamo 2723218:USUARIO MANIFIESTA PERDIDA ABUNDANTE EN VEREDA FIGUEROA ALCORTA 898', 'S'),
	(1019956, 1019956, 1, 116, 'CAMPO CASEROS', 6798, 'SUAREZ CNEL.', 30, 187, 'PERDIDA DE AGUA EN GABINETE', 50425, '', 3, '2019-01-23 11:15:01.813116', -24.787961608136, -65.431433396541, 3, '', '', '', 56331, '', '', 'ANTECEDENTES: Nro.Reclamo 2723340:USUARIA MANIFIESTA LA MISMA ES ABUNDANTE (GABINETE S/VEREDA LAJAS)', 'S'),
	(1019962, 1019962, 1, 365, 'VILLA BELGRANO', 12067, 'JURAMENTO', 1497, 179, 'PERDIDA DE AGUA EN VEREDA', 50621, '', 56, '2019-01-23 11:15:01.813116', -24.771843634992, -65.402481549530, 3, '', '', '', 63866, '', '', '', 'S'),
	(1019987, 1019987, 1, 41, 'NORTE GRANDE', 1001352, 'MANZANA 203A', 26, 178, 'PERDIDA DE AGUA EN CALZADA', 50841, '', 4, '2019-01-23 11:15:01.813116', -24.828249501000, -65.387882078784, 3, '', '', '', 96242, '', '', 'ANTECEDENTES: Nro.Reclamo 2723352:USUARIA MANIFIESTA PERDIDA DE AGUA EN CALZADA', 'S'),
	(1020043, 1020043, 1, 164, 'GRAND BOURG', 9663, 'GIMENEZ ZAPIOLA E.DR.', 1177, 179, 'PERDIDA DE AGUA EN VEREDA', 50842, '', 34, '2019-01-23 11:15:01.813116', -24.775012799357, -65.449812657188, 3, '', '', '', 68538, '', '', 'ANTECEDENTES: Nro.Reclamo 2723497:US INFORMA PERDIDA DE AGUA EN VEREDA, CALE GIMENEZ ZAPIOLA E.DR. 1177', 'S'),
	(1020060, 1020060, 1, 223, 'SAN MARTIN', 167, 'CORNEJO MARTIN', 287, 234, 'PERDIDA EN VALVULA ESCLUSA', 50928, '', 44, '2019-01-23 11:15:01.813116', -24.785316365766, -65.423265109056, 3, '', '', '', 9710, '', '', '', 'S'),
	(1020052, 1020052, 1, 175, 'SANTA ANA IV', 1001751, 'MANZANA 745', 8, 212, 'DESBORDE CLOACA EN CALZADA', 50455, '', 0, '2019-01-23 11:15:01.813116', -24.852613512580, -65.464126049340, 3, '', '', '', 104746, '', '', 'ANTECEDENTES: Nro.Reclamo 2723491:USUARIO MANIFIESTA DESBORDE EM MANZ 745', 'O'),
	(1020157, 1020157, 1, 149, 'LAS PALMERAS III Y V', 23833, 'MANZANA 110 A', 1, 178, 'PERDIDA DE AGUA EN CALZADA', 50422, '', 2, '2019-01-23 11:15:01.813116', -24.788749156460, -65.454422704180, 3, '', '', '', 208762, '', '', 'ANTECEDENTES: Nro.Reclamo 2723593:US INFORMA PERDIDA DE AGUA ABUNDANTE SOBRE CALZADA FRENTE AL DOMICILIO. SOLICITA URGENTE INTERVENCION.', 'S'),
	(1020208, 1020208, 1, 644, 'GUSTAVO LEGUIZAMON', 11538, 'INGENIEROS JOSE', 1650, 179, 'PERDIDA DE AGUA EN VEREDA', 50842, '', 34, '2019-01-23 11:15:01.813116', -24.786638638482, -65.457911696105, 3, '', '', '', 256838, '', '', 'ANTECEDENTES: Nro.Reclamo 2723599:USUARIO MANIFIESTA ABUNDANTE PERDIDA DE AGUA EN VEREDA.', 'S'),
	(1020296, 1020296, 1, 171, 'VILLA LOS SAUCES', 5708, 'GARDEL CARLOS', 680, 178, 'PERDIDA DE AGUA EN CALZADA', 50841, '', 4, '2019-01-23 11:15:01.813116', -24.801715353738, -65.447209844613, 3, '', '', '', 44298, '', '', 'ANTECEDENTES: Nro.Reclamo 2723788:US MANIFIESTA PERDIDA ABUNDANTE EN CALZADA.', 'S'),
	(1020549, 1020549, 1, 356, 'LAS VIOLETAS', 20972, 'RUTA PROVINCIAL N', 95, 178, 'PERDIDA DE AGUA EN CALZADA', 50584, '', 1, '2019-01-23 11:15:01.813116', -24.860111996565, -65.499036587394, 3, '', '', '', 302168, '', '', '', 'S'),
	(1020671, 1020671, 1, 177, 'SAN NICOLAS I', 14531, 'MANZ 4 CASA', 71, 179, 'PERDIDA DE AGUA EN VEREDA', 50621, '', 56, '2019-01-23 11:15:01.813116', -24.834403938163, -65.424167487991, 3, '', '', '', 212558, '', '', 'ANTECEDENTES: Nro.Reclamo 2724222:EN RELACION AL RECLAMO 2722233 ENRESP MANIF QUE CONTINUA LA PERDIDA DE AGUA EN VEREDA OP. JUAN / Nro.Reclamo 2724223', 'S'),
	(1020674, 1020674, 1, 68, '20 DE FEBRERO', 1656, 'ALVEAR MARCELO T. DE GRAL.', 701, 179, 'PERDIDA DE AGUA EN VEREDA', 50711, '', 29, '2019-01-23 11:15:01.813116', -24.780412269275, -65.418629753468, 3, '', '', '', 1970, '', '', 'ANTECEDENTES: Nro.Reclamo 2724192:VECINO MANIFIESTA PERDIDA EN VEREDA EN EL CORDON CUNETA.', 'S'),
	(1020675, 1020675, 1, 13, 'MIGUEL ARAOZ', 7802, 'DIARIO LA UNION DE CATAMARCA', 2270, 179, 'PERDIDA DE AGUA EN VEREDA', 50926, '', 50, '2019-01-23 11:15:01.813116', -24.841732942472, -65.442513514945, 3, '', '', '', 71111, '', '', 'ANTECEDENTES: Nro.Reclamo 2724121:USUARIO MANIFIESTA PERDIDA EN VEREDA. VERIFICAR EN CERCANIAS DEL CORDON CUNETA.', 'S'),
	(1020681, 1020681, 1, 212, 'SANIDAD', 1000516, 'DR FEDERICO LELOIR', 267, 179, 'PERDIDA DE AGUA EN VEREDA', 50621, '', 56, '2019-01-23 11:15:01.813116', -24.848174263004, -65.402918011277, 3, '', '', '', 286827, '', '', 'ANTECEDENTES: Nro.Reclamo 2724059:VERIFICAR PERDIDA ABUNDANTE.', 'S'),
	(1020840, 1020840, 1, 277, 'AMPLIACION BANCARIO', 1000389, 'BLOCK O1', 0, 179, 'PERDIDA DE AGUA EN VEREDA', 50926, '', 50, '2019-01-23 11:15:01.813116', -24.850655923623, -65.434145815075, 3, '', '', '', 109317, '', '', '', 'S'),
	(1020867, 1020867, 1, 108, 'INTERSINDICAL', 20125, 'RADIO EL MUNDO', 3920, 179, 'PERDIDA DE AGUA EN VEREDA', 50926, '', 50, '2019-01-23 11:15:01.813116', -24.851475420994, -65.448205181256, 3, '', '', '', 84702, '', '', 'ANTECEDENTES: Nro.Reclamo 2724443:USUARIO MANIF PERDIDA DE AGUA EN VEREDA MANIF ROTURA DE UN CANO EN LA CUAL YA HABIA SIDO REPARADO', 'S'),
	(1020869, 1020869, 1, 143, 'LOS OLIVOS', 37280, 'RAWSON', 395, 178, 'PERDIDA DE AGUA EN CALZADA', 50846, '', 54, '2019-01-23 11:15:01.813116', -24.793833082856, -65.452678045266, 3, '', '', '', 208228, '', '', 'ANTECEDENTES: Nro.Reclamo 2724211:USUARIO MANIFIESTA PERDIDA EN RAWSON 395 APROX', 'S'),
	(1020874, 1020874, 1, 370, 'VILLA EL SOL', 9051, 'VELEZ FRANCISCO GRAL.', 204, 179, 'PERDIDA DE AGUA EN VEREDA', 50621, '', 56, '2019-01-23 11:15:01.813116', -24.819362607156, -65.391876776296, 3, '', '', '', 33356, '', '', 'ANTECEDENTES: Nro.Reclamo 2724483:USUARIO MANIFIESTA PERDIDA EN LA VEREDA', 'S'),
	(1020881, 1020881, 1, 98, 'EL TRIBUNO', 7793, 'DIARIO LA NUEVA PROVINCIA', 2102, 179, 'PERDIDA DE AGUA EN VEREDA', 50926, '', 50, '2019-01-23 11:15:01.813116', -24.841116853747, -65.440413652233, 3, '', '', '', 60812, '', '', 'ANTECEDENTES: Nro.Reclamo 2724323:INFORMA QUE ES UNA PERDIDA NO VISIBLE, SE ESCUCHA FUERTE RUMOR DE PERDIDA DEBAJO DE UNA TAPA QUE IDENTIFICA LA CONEXION, SOLICITA POR FAVOR URGENTE INTERVENCION, PORQUE AFECTA AL SERVICIO.', 'S'),
	(1020884, 1020884, 1, 359, 'FERROVIARIO', 13045, 'LOS ACERES', 53, 179, 'PERDIDA DE AGUA EN VEREDA', 50584, '', 1, '2019-01-23 11:15:01.813116', -24.772776418448, -65.400483929983, 3, '', '', '', 23043, '', '', 'ANTECEDENTES: Nro.Reclamo 2724447:SE TOMA USUARIA DE REF. SR BRENDA BUCHANAN MANIFIESTA \'PERDIDA DE AGUA EN VEREDA EN LOS ACERES 55', 'S'),
	(1020885, 1020885, 1, 9734, 'EL HUAICO', 37871, 'MANZANA 465 B LOTE', 0, 179, 'PERDIDA DE AGUA EN VEREDA', 50584, '', 1, '2019-01-23 11:15:01.813116', -24.718493543873, -65.417146558631, 3, '', '', '', 350234, '', '', 'ANTECEDENTES: Nro.Reclamo 2724262:VECINA INFORMA PERDIDA DE AGUA ABUNDANTE, DONDE SE ENCUENTRA EL POZO DE LA EMPRESA', 'S'),
	(1020886, 1020886, 1, 161, 'AUTODROMO', 5718, 'MENDITEGUI CARLOS', 748, 179, 'PERDIDA DE AGUA EN VEREDA', 50621, '', 56, '2019-01-23 11:15:01.813116', -24.792339676797, -65.368689887689, 3, '', '', '', 48249, '', '', 'ANTECEDENTES: Nro.Reclamo 2724350:USUARIA MANIFIEST PERDIDA', 'S'),
	(1020888, 1020888, 1, 98, 'EL TRIBUNO', 7759, 'DIARIO EL DIA', 2112, 179, 'PERDIDA DE AGUA EN VEREDA', 50926, '', 50, '2019-01-23 11:15:01.813116', -24.844470072318, -65.437968639282, 3, '', '', '', 61659, '', '', 'ANTECEDENTES: Nro.Reclamo 2724362:USUARIA INFORMA PERDIDA ABUNDANTE.', 'S'),
	(1020917, 1020917, 1, 362, 'VILLA LUJAN', 10236, 'GUIDO TOMAS PJE.', 1927, 187, 'PERDIDA DE AGUA EN GABINETE', 50661, '', 6, '2019-01-23 11:15:01.813116', -24.776974475883, -65.428368422238, 3, '', '', '', 12604, '', '', 'ANTECEDENTES: Nro.Reclamo 2724525:USUARIA INFORMA PERDIDA Y HUMEDAD EN LAS PAREDES, ADUCE QUE NUESTRO PERSONAL YA REPARO ANTERIORMENTE. GUIDO TOMAS PJE. 1927.', 'S'),
	(1021046, 1021046, 1, 98, 'EL TRIBUNO', 29860, 'DIARIO LA CAP DE MAR DEL PLATA', 2166, 179, 'PERDIDA DE AGUA EN VEREDA', 50621, '', 56, '2019-01-23 11:15:01.813116', -24.842386511617, -65.440192018996, 3, '', '', '', 61285, '', '', 'ANTECEDENTES: Nro.Reclamo 2724255:VERIFICAR PERDIDA ABUNDANTE.', 'S'),
	(1021048, 1021048, 1, 110, 'VILLA CRISTINA', 18339, 'CABRAL SGTO. PJE.', 954, 179, 'PERDIDA DE AGUA EN VEREDA', 50661, '', 6, '2019-01-23 11:15:01.813116', -24.796129573542, -65.416512439345, 3, '', '', '', 7067, '', '', 'ANTECEDENTES: Nro.Reclamo 2724629:USUARIA MANIFIESTA PERDIDA', 'S'),
	(1021049, 1021049, 1, 223, 'SAN MARTIN', 1230, 'ABREU GONZALO DE PJE', 1837, 179, 'PERDIDA DE AGUA EN VEREDA', 50661, '', 6, '2019-01-23 11:15:01.813116', -24.782119430098, -65.427546744992, 3, '', '', '', 12686, '', '', 'ANTECEDENTES: Nro.Reclamo 2724694:USUARIO MANIFIESTA PERDIDA ABUNDANTE DE AGUA EN VEREDA, REQUIRE URGENTE INTERVENCION.', 'S'),
	(1021151, 1021151, 1, 384, 'SAN BERNARDO', 8234, 'EJERCITO DEL NORTE', 265, 178, 'PERDIDA DE AGUA EN CALZADA', 50422, '', 2, '2019-01-23 11:15:01.813116', -24.787848293104, -65.398133844575, 1, '', '', '', 102411, '', '', '', 'S'),
	(1021372, 1021372, 1, 273, 'SAN IGNACIO', 23911, 'MANZANA 35', 10, 232, 'REPARACION DE RED COLECTORA', 50599, '', 0, '2019-01-23 11:15:01.813116', -24.835563713109, -65.386442265411, 3, '', '', '', 100446, '', '', '', 'O'),
	(1021263, 1021263, 1, 9989, '58 VIVIENDAS PARQUE BELGRANO', 1001345, 'MANZANA 201G', 11, 212, 'DESBORDE CLOACA EN CALZADA', 50518, '', 0, '2019-01-23 11:15:01.813116', -24.735470877514, -65.403695981173, 3, '', '', '', 324902, '', '', '', 'O'),
	(1021081, 1021081, 1, 89, 'VILLA SAN ANTONIO', 2261, 'CHILE AVDA.', 1416, 213, 'DESBORDE CLOACA EN CONEXION DOMICILIARIA', 50500, '', 0, '2019-01-23 11:15:01.813116', -24.806939513690, -65.418121553394, 3, '', '', '', 29664, '', '', 'ANTECEDENTES: Nro.Reclamo 2724645:US INFORMA DESBORDE CLOACA DESDE CI', 'O'),
	(1020642, 1020642, 1, 114, 'VILLA LAS ROSAS', 10447, 'YRIGOYEN HIPOLITO', 841, 212, 'DESBORDE CLOACA EN CALZADA', 50500, '', 0, '2019-01-23 11:15:01.813116', -24.802013121605, -65.396504537580, 3, '', '', '', 15545, '', '', 'ANTECEDENTES: Nro.Reclamo 2724210:PERSONAL DEL SERVICIO PENITENCIARIO INFORMA DESBORD EN RED COLECTORA SOBRE CALLE H. YRIGOYEN', 'O'),
	(1020318, 1020318, 1, 2, 'SANTA ANA I', 36625, 'PASAJE N 21', 252, 213, 'DESBORDE CLOACA EN CONEXION DOMICILIARIA', 50455, '', 0, '2019-01-23 11:15:01.813116', -24.858400754963, -65.469838740674, 3, '', '', '', 74928, '', '', 'ANTECEDENTES: Nro.Reclamo 2723809:USUARIA MANIFIESTA DESBORDE DE CLOACA EN LA CAMARA DE INSPECCION DEL DOMICILIO', 'O'),
	(1020320, 1020320, 1, 277, 'AMPLIACION BANCARIO', 4456, 'BLOCK', 2, 213, 'DESBORDE CLOACA EN CONEXION DOMICILIARIA', 50455, '', 0, '2019-01-23 11:15:01.813116', -24.849185913722, -65.436218464007, 3, '', '', '', 109083, '', '', 'ANTECEDENTES: Nro.Reclamo 2723777:US INFORMA QUE CONTINUA CON DESBORDE DE CLOACA EN DOMICILIO. REQUIERE URGENTE INTERVENCION DADO QUE ESTA TOTALMENTE DESBORDADO.', 'O'),
	(1019985, 1019985, 1, 434, 'SCALABRINI ORTIZ 1RA.ETAPA', 15320, 'MAR TIRRENO', 805, 213, 'DESBORDE CLOACA EN CONEXION DOMICILIARIA', 50455, '', 0, '2019-01-23 11:15:01.813116', -24.826966408881, -65.418318306608, 3, '', '', '', 104438, '', '', 'ANTECEDENTES: Nro.Reclamo 2723356:USUARIA MANIFIESTA DESBORDE DE CLOACA EN LA CAMARA DE INSPECCION DEL DOMICILIO', 'O'),
	(1021118, 1021118, 1, 469, 'BANCARIO', 13708, 'LOS TEROS', 4832, 213, 'DESBORDE CLOACA EN CONEXION DOMICILIARIA', 50455, '', 0, '2019-01-23 11:15:01.813116', -24.847739517075, -65.436351134351, 3, '', '', '', 301955, '', '', 'ANTECEDENTES: Nro.Reclamo 2724859:REF A RECLAMO N 2724016 MANIFIESTA DESBORDE EN C.I. INFORMA QUE ES UNA CARNICERIA SOLICITA URGENTE INTERVENCIOON', 'O'),
	(1021126, 1021126, 1, 9034, 'LOS LAPACHOS II', 100020, 'MANZANA 470 B', 2, 212, 'DESBORDE CLOACA EN CALZADA', 50455, '', 0, '2019-01-23 11:15:01.813116', -24.857199465332, -65.435104247779, 3, '', '', '', 286385, '', '', 'ANTECEDENTES: Nro.Reclamo 2724896:USUARIO MANIFIESTA DESBORDE EN CALZADA MANZANA 470 B CASA 2', 'O'),
	(1019950, 1019950, 1, 9112, 'PQUE. CARLOS TIMOTEO II', 36793, 'MANZANA 45B', 1, 212, 'DESBORDE CLOACA EN CALZADA', 50455, '', 0, '2019-01-23 11:15:01.813116', -24.812123575248, -65.433520408624, 3, '', '', '', 348749, '', '', 'ANTECEDENTES: Nro.Reclamo 2723285:USUARIO MANIFIESTA DESBORDE EN MANZ 45 B CASA 1 O MANZ 8 CASA 1', 'O'),
	(1020045, 1020045, 1, 9636, 'LOS TARCOS', 1001478, 'MANZANA 816A', 20, 213, 'DESBORDE CLOACA EN CONEXION DOMICILIARIA', 50455, '', 0, '2019-01-23 11:15:01.813116', -24.848998810386, -65.463007687737, 3, '', '', '', 319097, '', '', 'ANTECEDENTES: Nro.Reclamo 2723524:USUARIA MANIF DESBORDE DE CAMARA DE INSPECCION DEL DOMICLIO', 'O'),
	(1018898, 1018898, 1, 9782, 'SCALABRINI ORTIZ 6TA ETAPA', 1002126, 'MANZANA 198C', 10, 212, 'DESBORDE CLOACA EN CALZADA', 50455, '', 0, '2019-01-23 11:15:01.813116', -24.827472837058, -65.410696748794, 3, '', '', '', 313796, '', '', 'ANTECEDENTES: Nro.Reclamo 2721709:US SOLICITA VERIFICACION CON URG.', 'O'),
	(1019953, 1019953, 1, 9910, 'LOS MOLLES', 1001502, 'MANZANA 531B', 1, 212, 'DESBORDE CLOACA EN CALZADA', 50455, '', 0, '2019-01-23 11:15:01.813116', -24.852896090360, -65.448271372890, 3, '', '', '', 317490, '', '', 'ANTECEDENTES: Nro.Reclamo 2723290:USUARIO MANIF PERDIDA DE AGUA SERVIDA, INFORMA QUE SE HUNDIO EN EL LUGAR Y SALE AGUA SERVIDA', 'O'),
	(1020540, 1020540, 1, 41, 'NORTE GRANDE', 1001336, 'MANZANA 200E', 3, 213, 'DESBORDE CLOACA EN CONEXION DOMICILIARIA', 50484, '', 0, '2019-01-23 11:15:01.813116', -24.827823340722, -65.385627641610, 3, '', '', '', 111103, '', '', 'ANTECEDENTES: Nro.Reclamo 2724099:VERIFICAR US INFORMA DESBORDE EN CI.', 'O'),
	(1020644, 1020644, 1, 41, 'NORTE GRANDE', 1001342, 'MANZANA 201B', 1, 213, 'DESBORDE CLOACA EN CONEXION DOMICILIARIA', 50484, '', 0, '2019-01-23 11:15:01.813116', -24.825714282795, -65.384065418269, 3, '', '', '', 111413, '', '', 'ANTECEDENTES: Nro.Reclamo 2724193:USUARIA MANIF DESBORDE DE CAMRA DE INSPECCION DEL DOMICLIO', 'O'),
	(1021091, 1021091, 1, 41, 'NORTE GRANDE', 1001332, 'MANZANA 200A', 15, 213, 'DESBORDE CLOACA EN CONEXION DOMICILIARIA', 50484, '', 0, '2019-01-23 11:15:01.813116', -24.825899087344, -65.386511398193, 3, '', '', '', 111243, '', '', 'ANTECEDENTES: Nro.Reclamo 2724774:USUARIA MANIFIESTA C.I COLAPSADA, SE DESBORDAN RESUMIDEROS AL UTILIZAR EL SERVICIO MANZANA 200A CASA 15', 'O'),
	(1021073, 1021073, 1, 133, 'VILLA MONICA', 23267, 'VENEZUELA', 1711, 213, 'DESBORDE CLOACA EN CONEXION DOMICILIARIA', 50484, '', 0, '2019-01-23 11:15:01.813116', -24.813257088367, -65.381114557808, 3, '', '', '', 46145, '', '', 'ANTECEDENTES: Nro.Reclamo 2724711:USUARIO MANIIFIESTA DESBORDE EN DOMICILIO Y DESDE CAMARA DOMICILIO AFECTADO', 'O'),
	(1020452, 1020452, 1, 136, 'VILLA LAVALLE', 20528, 'RIO JURAMENTO', 2462, 213, 'DESBORDE CLOACA EN CONEXION DOMICILIARIA', 50484, '', 0, '2019-01-23 11:15:01.813116', -24.821553557996, -65.406734977361, 3, '', '', '', 46899, '', '', 'ANTECEDENTES: Nro.Reclamo 2723877:US INFORMA DESBORDE CLOACA EN CONEXION DOMICILIARIA, VER CALLE RIO JURAMENTO 2462', 'O'),
	(1020523, 1020523, 1, 235, 'ANGOSTURA ASENT. CONSTITUCION', 1001255, 'MANZANA 221', 7, 213, 'DESBORDE CLOACA EN CONEXION DOMICILIARIA', 50484, '', 0, '2019-01-23 11:15:01.813116', -24.802458453209, -65.377155237122, 3, '', '', '', 218526, '', '', '', 'O'),
	(1021092, 1021092, 1, 241, 'SAN BENITO', 100037, 'ALFREDO LEPERA', 3838, 213, 'DESBORDE CLOACA EN CONEXION DOMICILIARIA', 50484, '', 0, '2019-01-23 11:15:01.813116', -24.835224498396, -65.388859831620, 3, '', '', '', 255965, '', '', 'ANTECEDENTES: Nro.Reclamo 2724788:USUARIA MANIFIESTA OBSTRUCCION AFECTA AL DOMICLIO CON DESBORDE , VECINOS EN LA MISMA SITUACION, EN LA MANZANA 308A CASA 15', 'O'),
	(1021099, 1021099, 1, 241, 'SAN BENITO', 15586, 'ARGENTINO MEDINA', 3701, 212, 'DESBORDE CLOACA EN CALZADA', 50484, '', 0, '2019-01-23 11:15:01.813116', -24.833908080030, -65.388687853430, 3, '', '', '', 219494, '', '', 'ANTECEDENTES: Nro.Reclamo 2724654:USUARIA MANIF DESBORDE EN CALZADA', 'O'),
	(1020862, 1020862, 1, 446, 'SOLIDARIDAD 2 ETAPA', 34721, 'MANZANA 418 C CASA', 25, 213, 'DESBORDE CLOACA EN CONEXION DOMICILIARIA', 50484, '', 0, '2019-01-23 11:15:01.813116', -24.840481675227, -65.397667467689, 3, '', '', '', 265208, '', '', 'ANTECEDENTES: Nro.Reclamo 2724434:USUARIO MANIF CAMARA DE DOMICILIO LLENA', 'O'),
	(1020254, 1020254, 1, 9195, 'FRATERNIDAD', 1001940, 'MANZANA 339C', 10, 299, 'DESOBSTRUCCION EN CONEXION DOMICILIARIA', 50484, '', 0, '2019-01-23 11:15:01.813116', -24.838651076771, -65.383655948491, 3, '', '', '', 309433, '', '', 'ANTECEDENTES: Nro.Reclamo 2723671:USUARIA INFORMA OBSTRUCCION EN CONEXION S/DESBORDE MANZANA 339C CASA 10', 'O'),
	(1019995, 1019995, 1, 9195, 'FRATERNIDAD', 1001943, 'MANZANA 340B', 14, 213, 'DESBORDE CLOACA EN CONEXION DOMICILIARIA', 50484, '', 0, '2019-01-23 11:15:01.813116', -24.838524170127, -65.381113915183, 3, '', '', '', 309515, '', '', '', 'O'),
	(1018552, 1018552, 1, 31, 'SARMIENTO', 15906, 'PEREZ CARLOS MARIANO MONS.', 351, 212, 'DESBORDE CLOACA EN CALZADA', 50660, '', 0, '2019-01-23 11:15:01.813116', -24.805496121438, -65.448096935085, 3, '', '', '', 247875, '', '', 'ANTECEDENTES: Nro.Reclamo 2721415:USUARIO MANIFIESTA DESBORDE DE CLOACA EN CALZADA ACOTA QUE TRATO DE DESOBTRUIR EN LA CAMARA DE INPECCION DEL DOMICILIO Y APARENTEMENTE EL INCOVENIENTE ESTA EN LA RED COLECTORA', 'O'),
	(1019585, 1019585, 1, 62, 'EL CARMEN', 23577, 'YAPEYU PJE.', 2354, 213, 'DESBORDE CLOACA EN CONEXION DOMICILIARIA', 50660, '', 0, '2019-01-23 11:15:01.813116', -24.791055977618, -65.435454786053, 3, '', '', '', 28547, '', '', 'ANTECEDENTES: Nro.Reclamo 2722732:USUARIO MANIIFESTA DESBORDE EN CI EN YAPEYU PJE. 2354. SOLICITA URGENCIA, YA QUE DEBE FINALIZAR INSTALACION DE VALVULA ANTIRRETORNO.', 'O'),
	(1020878, 1020878, 1, 88, 'LIBERTADOR', 21464, 'SAN MARTIN JOSE FCO.DE GRAL.', 2065, 213, 'DESBORDE CLOACA EN CONEXION DOMICILIARIA', 50660, '', 0, '2019-01-23 11:15:01.813116', -24.792495609256, -65.431378383192, 3, '', '', '', 11942, '', '', 'ANTECEDENTES: Nro.Reclamo 2724500:USUARIA MANIFIESTA OBSTRUCCION EN DLIO, CI REBALSANDO.', 'O'),
	(1019741, 1019741, 1, 110, 'VILLA CRISTINA', 11930, 'JUJUY', 996, 213, 'DESBORDE CLOACA EN CONEXION DOMICILIARIA', 50660, '', 0, '2019-01-23 11:15:01.813116', -24.801839038671, -65.417960222406, 3, '', '', '', 24597, '', '', '', 'O'),
	(1020314, 1020314, 1, 115, 'CALIXTO GAUNA', 5283, 'BROWN GUILLERMO ALTE.', 99, 213, 'DESBORDE CLOACA EN CONEXION DOMICILIARIA', 50660, '', 0, '2019-01-23 11:15:01.813116', -24.787931083053, -65.422039597128, 3, '', '', '', 19021, '', '', 'ANTECEDENTES: Nro.Reclamo 2723798:USUARIA MANIFIESTA DESBORDE DE CLOACA EN LA CAMARA DE INSPECCION DEL DOMICILIO OTRAS OBSERVACIONES ACOTA HS QUE SE ENCUENTRA EN EL INMUEBLE DESDE LAS 8 ALS 20HS', 'O'),
	(1019789, 1019789, 1, 138, 'VILLA PRIMAVERA', 5866, 'CABRERA TOMAS', 2848, 299, 'DESOBSTRUCCION EN CONEXION DOMICILIARIA', 50660, '', 0, '2019-01-23 11:15:01.813116', -24.798985426353, -65.441211134962, 3, '', '', '', 32820, '', '', 'ANTECEDENTES: Nro.Reclamo 2723032:USUARIO MANIFIESTA QUE CUANDO JALA LA CADENA EL RECORRIDO DEL INODORO ES LENTO ACOTA MUY MAL OLOR', 'O'),
	(1020705, 1020705, 1, 223, 'SAN MARTIN', 2227, 'BELGRANO MANUEL GRAL.', 1470, 213, 'DESBORDE CLOACA EN CONEXION DOMICILIARIA', 50660, '', 0, '2019-01-23 11:15:01.813116', -24.786285915388, -65.422740333436, 3, '', '', '', 11616, '', '', '', 'O'),
	(1018662, 1018662, 1, 167, 'DON CEFERINO', 17543, 'RONDEAU GRAL.', 1797, 213, 'DESBORDE CLOACA EN CONEXION DOMICILIARIA', 50599, '', 0, '2019-01-23 11:15:01.813116', -24.811498409514, -65.405480178893, 3, '', '', '', 36684, '', '', '', 'O'),
	(1019861, 1019861, 1, 260, 'COSTANERA', 23735, 'MANZANA 144 A', 75, 213, 'DESBORDE CLOACA EN CONEXION DOMICILIARIA', 50660, '', 0, '2019-01-23 11:15:01.813116', -24.806479902268, -65.429141272591, 1, '', '', '', 222260, '', '', 'ANTECEDENTES: Nro.Reclamo 2723179:USUARIA INFORMA NUEVMANTE DESBORDE EN C.I. REQUIERE SOLUCION A LA BREVEDAD', 'O'),
	(1021088, 1021088, 1, 403, 'COSTA AZUL (COOP. POLICIAL)', 1000736, 'PJE. SGTO. AYTE. GUALBERTO BRACAMONTE', 80, 213, 'DESBORDE CLOACA EN CONEXION DOMICILIARIA', 50660, '', 0, '2019-01-23 11:15:01.813116', -24.794127370351, -65.451270508468, 3, '', '', '', 219534, '', '', 'ANTECEDENTES: Nro.Reclamo 2724747:USUARIA MANIFESTA DESBORDE EN DOMICILIO AFECTADO EN BRACAMONTE O MANZ, 254 CASA 33,', 'O'),
	(1020543, 1020543, 1, 68, '20 DE FEBRERO', 12712, 'LATORRE PABLO GRAL.PJE.', 1386, 299, 'DESOBSTRUCCION EN CONEXION DOMICILIARIA', 50518, '', 0, '2019-01-23 11:15:01.813116', -24.779691849253, -65.420849492393, 3, '', '', '', 13639, '', '', 'ANTECEDENTES: Nro.Reclamo 2723983:EN RELACION A OT N 1019171 USUARIO SOLICITA INTERVENCION . ACOTA QUE SE ENCUENTRAN EN EL DOMICILIO DE( 9HS A 23 HS . LUNES A VIERNES ).', 'O'),
	(1018693, 1018693, 1, 422, 'MILITAR SALTA POLO CLUB SECC.J', 15168, 'MANZANA 1', 16, 212, 'DESBORDE CLOACA EN CALZADA', 50518, '', 0, '2019-01-23 11:15:01.813116', -24.761155419614, -65.414333403527, 3, '', '', '', 263524, '', '', 'ANTECEDENTES: Nro.Reclamo 2721589:USUARIO MNAIFIESTA OBSTRUCCION DESDE LA RED HACIA EL DLIO MUY AFECTADO.', 'O'),
	(1021117, 1021117, 1, 361, 'EL PILAR', 1959, 'ANZOATEGUI MANUEL DR.', 433, 213, 'DESBORDE CLOACA EN CONEXION DOMICILIARIA', 50518, '', 0, '2019-01-23 11:15:01.813116', -24.772946274199, -65.407131062245, 3, '', '', '', 259912, '', '', 'ANTECEDENTES: Nro.Reclamo 2724833:USUARIA MANIF CAMARA DE INSPECCION LLENA EN EL DOMICLIO', 'O'),
	(1021116, 1021116, 1, 229, 'VICENTE SOLA', 10142, 'GUEMES DE TEJADA MAGDALENA', 176, 213, 'DESBORDE CLOACA EN CONEXION DOMICILIARIA', 50518, '', 0, '2019-01-23 11:15:01.813116', -24.761119653459, -65.403505878709, 3, '', '', '', 14902, '', '', 'ANTECEDENTES: Nro.Reclamo 2724886:USUARIO MANIFIESTA DESBORDE EN C.I. SOLICITA URGENTE INTERVENCION', 'O'),
	(1021097, 1021097, 1, 361, 'EL PILAR', 8754, 'ZUVIRIA FACUNDO DR.', 1544, 212, 'DESBORDE CLOACA EN CALZADA', 50518, '', 0, '2019-01-23 11:15:01.813116', -24.770918035316, -65.407496123483, 3, '', '', '', 1666, '', '', 'ANTECEDENTES: Nro.Reclamo 2724731:USUARIA INFORMA OBSTRUCCION EN RC PPAL QUE AFECTA DOMICILIO CON DESBORDE INTERNO, PIDE URGENCIA.', 'O'),
	(1021089, 1021089, 1, 9538, 'PARQUE GRAL BELGRANO ETAPA 5', 15223, 'MANZANA B', 7, 213, 'DESBORDE CLOACA EN CONEXION DOMICILIARIA', 50518, '', 0, '2019-01-23 11:15:01.813116', -24.739402323050, -65.398254559067, 3, '', '', '', 352483, '', '', 'ANTECEDENTES: Nro.Reclamo 2724755:USUARIO MANIFIESTA DESBORDE EN CI DEL VECINO DE MANZ B CASA 7', 'O'),
	(1021014, 1021014, 1, 68, '20 DE FEBRERO', 16132, 'NECOCHEA', 1384, 213, 'DESBORDE CLOACA EN CONEXION DOMICILIARIA', 50518, '', 0, '2019-01-23 11:15:01.813116', -24.777781580526, -65.420649273960, 3, '', '', '', 70462, '', '', 'ANTECEDENTES: Nro.Reclamo 2724635:USUARIO MANIFIESTA DESBORDE DE LA C.I DEL DLIO SOLICICTA URGENTE INTERVENCION.', 'O'),
	(1021012, 1021012, 1, 157, 'TRES CERRITOS', 13714, 'LOS TILOS', 198, 213, 'DESBORDE CLOACA EN CONEXION DOMICILIARIA', 50518, '', 0, '2019-01-23 11:15:01.813116', -24.758182832983, -65.395088781870, 3, '', '', '', 285693, '', '', 'ANTECEDENTES: Nro.Reclamo 2724663:USUARIO MANIFIESTA DESBORDE EN C.I LOS TILOS 198 DPTO A', 'O'),
	(1021011, 1021011, 1, 9989, '58 VIVIENDAS PARQUE BELGRANO', 1001344, 'MANZANA 201E', 9, 213, 'DESBORDE CLOACA EN CONEXION DOMICILIARIA', 50518, '', 0, '2019-01-23 11:15:01.813116', -24.735010578387, -65.404565030657, 3, '', '', '', 324860, '', '', 'ANTECEDENTES: Nro.Reclamo 2724673:USUARIO MANIF DESBORDE CI', 'O'),
	(1020078, 1020078, 1, 361, 'EL PILAR', 129, '12 DE OCTUBRE', 488, 213, 'DESBORDE CLOACA EN CONEXION DOMICILIARIA', 50518, '', 0, '2019-01-23 11:15:01.813116', -24.774844419678, -65.407885598404, 1, '', '', '', 1635, '', '', '', 'O'),
	(1021096, 1021096, 1, 9152, '40 VIVIENDAS ASOCIACION INGENIEROS', 1000494, 'MANZANA 53A', 19, 184, 'VERIFICACION SERVICIO', 50689, '', 0, '2019-01-23 11:15:01.813116', -24.813530665308, -65.434473905637, 3, '', '', '', 289650, '', '', 'ANTECEDENTES: Nro.Reclamo 2724801:USUARIA MANIFIESTA FALTA DE AGUA MANZANA 53A CASA 19', 'A'),
	(1021072, 1021072, 1, 89, 'VILLA SAN ANTONIO', 7052, 'CORDOBA', 920, 213, 'DESBORDE CLOACA EN CONEXION DOMICILIARIA', 50599, '', 0, '2019-01-23 11:15:01.813116', -24.801725907004, -65.409404385241, 3, '', '', '', 18652, '', '', '', 'O'),
	(1020017, 1020017, 1, 433, 'AMPLIAC. PQUE. SAN CARLOS', 37128, 'MANZANA 64', 4, 299, 'DESOBSTRUCCION EN CONEXION DOMICILIARIA', 50777, '', 0, '2019-01-23 11:15:01.813116', -24.852660522229, -65.439249151024, 3, '', '', '', 253146, '', '', 'ANTECEDENTES: Nro.Reclamo 2723442:USUARIO MANIFIESTA PASO LENTO DE LOS DESECHOS Y OLORES NAUSEABUNDOS NO VERIFICO CI. MANZ 64 CASA 4', 'O'),
	(1020727, 1020727, 1, 13, 'MIGUEL ARAOZ', 7550, 'RADIO FORTIN YUNKA', 2591, 213, 'DESBORDE CLOACA EN CONEXION DOMICILIARIA', 50777, '', 0, '2019-01-23 11:15:01.813116', -24.841048466250, -65.448434649847, 3, '', '', '', 70614, '', '', '', 'O'),
	(1020562, 1020562, 1, 139, 'PARQUE LA VEGA', 4456, 'BLOCK', 10, 213, 'DESBORDE CLOACA EN CONEXION DOMICILIARIA', 50777, '', 0, '2019-01-23 11:15:01.813116', -24.835544649014, -65.427920199810, 3, '', '', '', 103565, '', '', 'ANTECEDENTES: Nro.Reclamo 2724049:USUARIO MANIFESTA DESBORDE DOMICILIO AFECTADO BLOCK 10 PB DTO B .', 'O'),
	(1020738, 1020738, 1, 215, 'VILLA MARIA ESTHER', 16324, 'ROMERO OBISPO', 1674, 212, 'DESBORDE CLOACA EN CALZADA', 50599, '', 0, '2019-01-23 11:15:01.813116', -24.811761330396, -65.399238680661, 1, '', '', '', 25317, '', '', '', 'O'),
	(1020964, 1020964, 1, 28, '25 DE MAYO', 12255, 'LA CALDERA PJE.', 702, 213, 'DESBORDE CLOACA EN CONEXION DOMICILIARIA', 50599, '', 0, '2019-01-23 11:15:01.813116', -24.797346986445, -65.431480686413, 1, '', '', '', 29400, '', '', '', 'O'),
	(1020906, 1020906, 1, 89, 'VILLA SAN ANTONIO', 346, '16 DE SETIEMBRE', 337, 213, 'DESBORDE CLOACA EN CONEXION DOMICILIARIA', 50599, '', 0, '2019-01-23 11:15:01.813116', -24.807066373228, -65.411798438306, 3, '', '', '', 53926, '', '', 'ANTECEDENTES: Nro.Reclamo 2724521:US. MANIFIESTA DESBORDE ABUNDANTE EN CONEXION DOMICILIARIA .', 'O'),
	(1020816, 1020816, 1, 39, 'ASENTAM. DON CEFERINO', 7052, 'CORDOBA', 2098, 213, 'DESBORDE CLOACA EN CONEXION DOMICILIARIA', 50599, '', 0, '2019-01-23 11:15:01.813116', -24.814289557731, -65.410742051205, 3, '', '', '', 264368, '', '', 'ANTECEDENTES: Nro.Reclamo 2724383:USUARIO MANIFIESTA OBSTRUCCION Y DEBSORDE EN EL DLIO INFORMA DIRECCION SOBRE PJE KENNEDY CASA N 2 ALTURA CORDOBA AL 2100.', 'O'),
	(1020638, 1020638, 1, 369, 'HERNANDO DE LERMA', 12843, 'LERMA HERNANDO', 1121, 213, 'DESBORDE CLOACA EN CONEXION DOMICILIARIA', 50599, '', 0, '2019-01-23 11:15:01.813116', -24.804399755264, -65.407809237319, 3, '', '', '', 10058, '', '', 'ANTECEDENTES: Nro.Reclamo 2724236:LA SRA MANIFIESTA QUE YA HIZO VERIFICAR SUS INSTALACIONES DE CLOACAS POR UN MATRICULADO Y ESTE LE INFORMO QUE LA OBSTRUCCION Y DESBORDE ESTAN MAS ALLA DE LA CAMARA DE INSPECCION Y SERIA SOBRE LA CAL...', 'O'),
	(1020537, 1020537, 1, 167, 'DON CEFERINO', 2328, 'DAVALOS JUAN CARLOS', 118, 213, 'DESBORDE CLOACA EN CONEXION DOMICILIARIA', 50599, '', 0, '2019-01-23 11:15:01.813116', -24.812248236654, -65.406153236218, 3, '', '', '', 36205, '', '', 'ANTECEDENTES: Nro.Reclamo 2724083:USUARIA MANIFIESTA DESBORDE EN CI.', 'O'),
	(1020534, 1020534, 1, 39, 'ASENTAM. DON CEFERINO', 7052, 'CORDOBA', 2012, 213, 'DESBORDE CLOACA EN CONEXION DOMICILIARIA', 50599, '', 0, '2019-01-23 11:15:01.813116', -24.814526272094, -65.410401223303, 3, '', '', '', 264323, '', '', 'ANTECEDENTES: Nro.Reclamo 2724087:USUARIO MANIF DESBORDE EN CAMRA DE INSPECCION EN SU DOMICLIO', 'O'),
	(1020048, 1020048, 1, 89, 'VILLA SAN ANTONIO', 346, '16 DE SETIEMBRE', 130, 213, 'DESBORDE CLOACA EN CONEXION DOMICILIARIA', 50599, '', 0, '2019-01-23 11:15:01.813116', -24.803893557600, -65.414688402543, 3, '', '', '', 29607, '', '', 'ANTECEDENTES: Nro.Reclamo 2723525:', 'O'),
	(1019665, 1019665, 1, 167, 'DON CEFERINO', 2328, 'DAVALOS JUAN CARLOS', 500, 213, 'DESBORDE CLOACA EN CONEXION DOMICILIARIA', 50599, '', 0, '2019-01-23 11:15:01.813116', -24.811922046188, -65.411650777285, 3, '', '', '', 35853, '', '', 'ANTECEDENTES: Nro.Reclamo 2722912:USUARIA MANIFIESTA DESBORDE EN CI. SOLICITA INTERVENCION .', 'O'),
	(1018823, 1018823, 1, 115, 'CALIXTO GAUNA', 21464, 'SAN MARTIN JOSE FCO.DE GRAL.', 1335, 213, 'DESBORDE CLOACA EN CONEXION DOMICILIARIA', 50599, '', 0, '2019-01-23 11:15:01.813116', -24.793075790318, -65.421570471877, 3, '', '', '', 8723, '', '', '', 'O'),
	(1018485, 1018485, 1, 111, 'VILLA CHARTAS', 17550, 'TORINO ENRIQUE DR.', 1775, 213, 'DESBORDE CLOACA EN CONEXION DOMICILIARIA', 50599, '', 0, '2019-01-23 11:15:01.813116', -24.793223268895, -65.427560616360, 1, '', '', '', 314115, '', '', 'ANTECEDENTES: Nro.Reclamo 2721133:PERSONAL ENRESP SOLCITA RECLAMO INFORMA CONTINUA EL PROBLEMA', 'O'),
	(1020973, 1020973, 1, 118, 'VILLA MITRE', 9240, 'FIGUEROA VIRGILIO', 1335, 183, 'REALIZAR PURGA EN RED', 50689, '', 0, '2019-01-23 11:15:01.813116', -24.811413659695, -65.377704003373, 3, '', '', '', 53944, '', '', 'ANTECEDENTES: Nro.Reclamo 2724138:USUARIO MANIFIESTA QUE EL AGUA NO TIENE CLORO.', 'A'),
	(1020959, 1020959, 1, 368, 'FLORESTA', 22985, 'UNIVERSIDAD CATOLICA', 1995, 184, 'VERIFICACION SERVICIO', 50689, '', 0, '2019-01-23 11:15:01.813116', -24.799756149078, -65.371148936849, 3, '', '', '', 266207, '', '', 'ANTECEDENTES: Nro.Reclamo 2724508:VERIFICAR SIN SERVICIO.', 'A'),
	(1020958, 1020958, 1, 118, 'VILLA MITRE', 1089, 'ANGELICA CRESSERI DE CORREA', 1437, 184, 'VERIFICACION SERVICIO', 50689, '', 0, '2019-01-23 11:15:01.813116', -24.815391455650, -65.377117331082, 3, '', '', '', 63612, '', '', 'ANTECEDENTES: Nro.Reclamo 2724351:USUARIO INFORMA MINIMA PRESION EN DOMICILIO.', 'A'),
	(1020956, 1020956, 1, 2, 'SANTA ANA I', 36616, 'CALLE N 9', 941, 184, 'VERIFICACION SERVICIO', 50689, '', 0, '2019-01-23 11:15:01.813116', -24.855480932000, -65.469927257511, 3, '', '', '', 75477, '', '', 'ANTECEDENTES: Nro.Reclamo 2724589:VERIFICAR MINIMA PRESION DESDE HACE 3 DIAS.', 'A'),
	(1020371, 1020371, 1, 9112, 'PQUE. CARLOS TIMOTEO II', 14957, 'MANZANA 7 LOTE', 1, 184, 'VERIFICACION SERVICIO', 50689, '', 0, '2019-01-23 11:15:01.813116', -24.813086144135, -65.433568307543, 3, '', '', '', 294729, '', '', 'ANTECEDENTES: Nro.Reclamo 2723678:US INFORMA MINIMA PRESON DE AGUA EN DLIO', 'A'),
	(1020370, 1020370, 1, 273, 'SAN IGNACIO', 15219, 'MANZANA 9', 3, 184, 'VERIFICACION SERVICIO', 50689, '', 0, '2019-01-23 11:15:01.813116', -24.831421805979, -65.385087561546, 3, '', '', '', 100092, '', '', 'ANTECEDENTES: Nro.Reclamo 2723855:USUARIO MANIFIESTA FALTA TOTAL DE AGUA EN EL DLIO. SIN TELF OTRAS OBSERVACIONES UNICO DLIO.', 'A'),
	(1020146, 1020146, 1, 226, 'SAN FRANCISCO SOLANO SECC.P', 1001310, 'MANZANA 253B', 3, 184, 'VERIFICACION SERVICIO', 50689, '', 0, '2019-01-23 11:15:01.813116', -24.829383548844, -65.388959505740, 3, '', '', '', 89720, '', '', 'ANTECEDENTES: Nro.Reclamo 2723558:USUARIO MANIFIESTA FALTA DE AGUA EN EL DLIO DESDE HACE DOS SEMANAS. MANZANA 253B CASA 3 INFORMA QUE LA CUADRA ESTA SIN SERVICIO.', 'A'),
	(1020284, 1020284, 1, 9669, '312 VIVIENDAS FCA VALDIVIA II', 1001545, 'MANZANA 617B', 29, 193, 'CONTROLAR PRESION DOMICILIARIA', 50689, '', 0, '2019-01-23 11:15:01.813116', -24.838755829895, -65.417896924401, 3, '', '', '', 300835, '', '', '', 'A'),
	(1020280, 1020280, 1, 551, 'SOLIDARIDAD 4 ETAPA', 37882, 'MANZANA 412C LOTE', 20, 193, 'CONTROLAR PRESION DOMICILIARIA', 50689, '', 0, '2019-01-23 11:15:01.813116', -24.840772565606, -65.388118987268, 3, '', '', '', 271241, '', '', '', 'A'),
	(1020276, 1020276, 1, 161, 'AUTODROMO', 1114, 'MENDIETA ANDRES', 525, 193, 'CONTROLAR PRESION DOMICILIARIA', 50689, '', 0, '2019-01-23 11:15:01.813116', -24.790244306735, -65.369627893977, 3, '', '', '', 48706, '', '', '', 'A'),
	(1018992, 1018992, 1, 72, 'SAN CALIXTO', 1003002, 'MANZANA 49', 9, 184, 'VERIFICACION SERVICIO', 50689, '', 0, '2019-01-23 11:15:01.813116', -24.838540944092, -65.423946658196, 3, '', '', '', 351223, '', '', 'ANTECEDENTES: Nro.Reclamo 2722038:US INFORMA MINIMA PRESION. VECINOS CUENTAN CON MAYOR PRESION. SOLICTA VERIFCAR.', 'A'),
	(1021152, 1021152, 1, 31, 'SARMIENTO', 7292, 'CORTEZ CARLOS MONSEÑOR', 441, 213, 'DESBORDE CLOACA EN CONEXION DOMICILIARIA', 50660, '', 0, '2019-01-23 11:15:01.813116', -24.805585418746, -65.447471113849, 3, '', '', '', 104651, '', '', '', 'O'),
	(1020281, 1020281, 1, 122, 'PORTEZUELO NORTE', 17041, 'PEÑALVA JUAN B.DR.', 50, 193, 'CONTROLAR PRESION DOMICILIARIA', 50689, '', 0, '2019-01-23 11:15:01.813116', -24.794805352448, -65.394984654380, 3, '', '', '', 49818, '', '', '', 'A');
/*!40000 ALTER TABLE `aux` ENABLE KEYS */;

-- Volcando estructura para tabla ot2.ot
CREATE TABLE IF NOT EXISTS `ot` (
  `id` int(11) NOT NULL AUTO_INCREMENT,
  `nro_ot` int(11) DEFAULT NULL,
  `id_loc` int(11) DEFAULT NULL,
  `localidad` varchar(100) DEFAULT NULL,
  `zona` varchar(100) DEFAULT NULL,
  `id_bar` int(11) DEFAULT NULL,
  `barrio` varchar(100) DEFAULT NULL,
  `id_cal` int(11) DEFAULT NULL,
  `calle` varchar(100) DEFAULT NULL,
  `altura` varchar(100) DEFAULT NULL,
  `id_motivo` int(11) DEFAULT NULL,
  `motivo` varchar(100) DEFAULT NULL,
  `cod_empleado_asig` int(11) DEFAULT NULL,
  `nombre_empleado_asig` varchar(100) DEFAULT NULL,
  `cod_cuadrilla_asig` int(11) DEFAULT NULL,
  `contratista_asig` varchar(11) DEFAULT '''''',
  `fchalta` timestamp NOT NULL DEFAULT CURRENT_TIMESTAMP ON UPDATE CURRENT_TIMESTAMP,
  PRIMARY KEY (`id`)
) ENGINE=InnoDB AUTO_INCREMENT=1021373 DEFAULT CHARSET=latin1;

-- Volcando datos para la tabla ot2.ot: ~120 rows (aproximadamente)
DELETE FROM `ot`;
/*!40000 ALTER TABLE `ot` DISABLE KEYS */;
INSERT INTO `ot` (`id`, `nro_ot`, `id_loc`, `localidad`, `zona`, `id_bar`, `barrio`, `id_cal`, `calle`, `altura`, `id_motivo`, `motivo`, `cod_empleado_asig`, `nombre_empleado_asig`, `cod_cuadrilla_asig`, `contratista_asig`, `fchalta`) VALUES
	(1015631, 1015631, 1, '', '', 175, 'SANTA ANA IV', 1001751, 'MANZANA 745', '1', 178, 'PERDIDA DE AGUA EN CALZADA', 50422, '', 2, '3', '2019-01-27 11:41:39'),
	(1016700, 1016700, 1, '', '', 167, 'DON CEFERINO', 37826, 'COSTANERA AVDA.', '910', 178, 'PERDIDA DE AGUA EN CALZADA', 50425, '', 3, '1', '2019-01-27 11:41:39'),
	(1018060, 1018060, 1, '', '', 44, 'VELEZ SARSFIELD', 2808, 'VELEZ SARSFIELD', '295', 179, 'PERDIDA DE AGUA EN VEREDA', 50425, '', 3, '1', '2019-01-27 11:41:39'),
	(1018070, 1018070, 1, '', '', 277, 'AMPLIACION BANCARIO', 4456, 'BLOCK', '0', 194, 'DESCUBRIR ABRAZADERA', 50926, '', 50, '1', '2019-01-27 11:41:39'),
	(1018473, 1018473, 1, '', '', 84, 'AMPLIACION FLORESTA', 1095, 'FABREGA ALEJANDRO', '1715', 179, 'PERDIDA DE AGUA EN VEREDA', 50841, '', 4, '1', '2019-01-27 11:41:39'),
	(1018485, 1018485, 1, '', '', 111, 'VILLA CHARTAS', 17550, 'TORINO ENRIQUE DR.', '1775', 213, 'DESBORDE CLOACA EN CONEXION DOMICILIARIA', 50599, '', 0, '1', '2019-01-27 11:41:39'),
	(1018552, 1018552, 1, '', '', 31, 'SARMIENTO', 15906, 'PEREZ CARLOS MARIANO MONS.', '351', 212, 'DESBORDE CLOACA EN CALZADA', 50660, '', 0, '1', '2019-01-27 11:41:39'),
	(1018637, 1018637, 1, '', '', 518, 'LOS PROFESIONALES', 35102, 'MANZANA 80 A', '6', 178, 'PERDIDA DE AGUA EN CALZADA', 50425, '', 3, '1', '2019-01-27 11:41:39'),
	(1018652, 1018652, 1, '', '', 194, 'VILLA SOLEDAD', 2122, 'DE LOS ARTESANOS', '232', 179, 'PERDIDA DE AGUA EN VEREDA', 50842, '', 34, '1', '2019-01-27 11:41:39'),
	(1018662, 1018662, 1, '', '', 167, 'DON CEFERINO', 17543, 'RONDEAU GRAL.', '1797', 213, 'DESBORDE CLOACA EN CONEXION DOMICILIARIA', 50599, '', 0, '1', '2019-01-27 11:41:39'),
	(1018693, 1018693, 1, '', '', 422, 'MILITAR SALTA POLO CLUB SECC.J', 15168, 'MANZANA 1', '16', 212, 'DESBORDE CLOACA EN CALZADA', 50518, '', 0, '1', '2019-01-27 11:41:39'),
	(1018823, 1018823, 1, '', '', 115, 'CALIXTO GAUNA', 21464, 'SAN MARTIN JOSE FCO.DE GRAL.', '1335', 213, 'DESBORDE CLOACA EN CONEXION DOMICILIARIA', 50599, '', 0, '1', '2019-01-27 11:41:39'),
	(1018898, 1018898, 1, '', '', 9782, 'SCALABRINI ORTIZ 6TA ETAPA', 1002126, 'MANZANA 198C', '10', 212, 'DESBORDE CLOACA EN CALZADA', 50455, '', 0, '1', '2019-01-27 11:41:39'),
	(1018992, 1018992, 1, '', '', 72, 'SAN CALIXTO', 1003002, 'MANZANA 49', '9', 184, 'VERIFICACION SERVICIO', 50689, '', 0, '1', '2019-01-27 11:41:39'),
	(1019081, 1019081, 1, '', '', 98, 'EL TRIBUNO', 7746, 'DIARIO EL PARANA DE E. RIOS', '2587', 179, 'PERDIDA DE AGUA EN VEREDA', 50926, '', 50, '1', '2019-01-27 11:41:39'),
	(1019113, 1019113, 1, '', '', 450, 'SAN ISIDRO', 40152, 'MANZANA 212', '10', 178, 'PERDIDA DE AGUA EN CALZADA', 50425, '', 3, '1', '2019-01-27 11:41:39'),
	(1019184, 1019184, 1, '', '', 149, 'LAS PALMERAS III Y V', 23835, 'MANZANA 110 C', '8', 178, 'PERDIDA DE AGUA EN CALZADA', 50425, '', 3, '1', '2019-01-27 11:41:39'),
	(1019440, 1019440, 1, '', '', 171, 'VILLA LOS SAUCES', 11887, 'JUAN XXIII', '923', 178, 'PERDIDA DE AGUA EN CALZADA', 50422, '', 2, '1', '2019-01-27 11:41:39'),
	(1019585, 1019585, 1, '', '', 62, 'EL CARMEN', 23577, 'YAPEYU PJE.', '2354', 213, 'DESBORDE CLOACA EN CONEXION DOMICILIARIA', 50660, '', 0, '1', '2019-01-27 11:41:39'),
	(1019665, 1019665, 1, '', '', 167, 'DON CEFERINO', 2328, 'DAVALOS JUAN CARLOS', '500', 213, 'DESBORDE CLOACA EN CONEXION DOMICILIARIA', 50599, '', 0, '1', '2019-01-27 11:41:39'),
	(1019686, 1019686, 1, '', '', 223, 'SAN MARTIN', 21872, 'SANTIAGO DEL ESTERO', '1497', 178, 'PERDIDA DE AGUA EN CALZADA', 50839, '', 49, '1', '2019-01-27 11:41:39'),
	(1019741, 1019741, 1, '', '', 110, 'VILLA CRISTINA', 11930, 'JUJUY', '996', 213, 'DESBORDE CLOACA EN CONEXION DOMICILIARIA', 50660, '', 0, '1', '2019-01-27 11:41:39'),
	(1019769, 1019769, 1, '', '', 142, 'LAS LE?AS I', 22036, 'SAVIO MANUEL NICOLAS GRAL.', '30', 178, 'PERDIDA DE AGUA EN CALZADA', 50422, '', 2, '1', '2019-01-27 11:41:39'),
	(1019786, 1019786, 1, '', '', 229, 'VICENTE SOLA', 22643, 'TAMAYO JUAN ESTEBAN', '361', 179, 'PERDIDA DE AGUA EN VEREDA', 50621, '', 56, '1', '2019-01-27 11:41:39'),
	(1019789, 1019789, 1, '', '', 138, 'VILLA PRIMAVERA', 5866, 'CABRERA TOMAS', '2848', 299, 'DESOBSTRUCCION EN CONEXION DOMICILIARIA', 50660, '', 0, '1', '2019-01-27 11:41:39'),
	(1019821, 1019821, 1, '', '', 36, 'EL MILAGRO', 10855, 'ITALIA', '1835', 178, 'PERDIDA DE AGUA EN CALZADA', 50841, '', 4, '1', '2019-01-27 11:41:39'),
	(1019831, 1019831, 1, '', '', 164, 'GRAND BOURG', 8740, 'FIGUEROA ALCORTA', '1128', 187, 'PERDIDA DE AGUA EN GABINETE', 50928, '', 44, '1', '2019-01-27 11:41:39'),
	(1019857, 1019857, 1, '', '', 229, 'VICENTE SOLA', 9735, 'GORRITI PACHI GRAL.', '7', 179, 'PERDIDA DE AGUA EN VEREDA', 50842, '', 34, '1', '2019-01-27 11:41:39'),
	(1019861, 1019861, 1, '', '', 260, 'COSTANERA', 23735, 'MANZANA 144 A', '75', 213, 'DESBORDE CLOACA EN CONEXION DOMICILIARIA', 50660, '', 0, '1', '2019-01-27 11:41:39'),
	(1019877, 1019877, 1, '', '', 89, 'VILLA SAN ANTONIO', 23430, 'TEDIN VIRGILIO', '851', 178, 'PERDIDA DE AGUA EN CALZADA', 50928, '', 44, '1', '2019-01-27 11:41:39'),
	(1019885, 1019885, 1, '', '', 164, 'GRAND BOURG', 8740, 'FIGUEROA ALCORTA', '898', 179, 'PERDIDA DE AGUA EN VEREDA', 50425, '', 3, '1', '2019-01-27 11:41:39'),
	(1019950, 1019950, 1, '', '', 9112, 'PQUE. CARLOS TIMOTEO II', 36793, 'MANZANA 45B', '1', 212, 'DESBORDE CLOACA EN CALZADA', 50455, '', 0, '1', '2019-01-27 11:41:39'),
	(1019953, 1019953, 1, '', '', 9910, 'LOS MOLLES', 1001502, 'MANZANA 531B', '1', 212, 'DESBORDE CLOACA EN CALZADA', 50455, '', 0, '1', '2019-01-27 11:41:39'),
	(1019956, 1019956, 1, '', '', 116, 'CAMPO CASEROS', 6798, 'SUAREZ CNEL.', '30', 187, 'PERDIDA DE AGUA EN GABINETE', 50425, '', 3, '1', '2019-01-27 11:41:39'),
	(1019962, 1019962, 1, '', '', 365, 'VILLA BELGRANO', 12067, 'JURAMENTO', '1497', 179, 'PERDIDA DE AGUA EN VEREDA', 50621, '', 56, '1', '2019-01-27 11:41:39'),
	(1019985, 1019985, 1, '', '', 434, 'SCALABRINI ORTIZ 1RA.ETAPA', 15320, 'MAR TIRRENO', '805', 213, 'DESBORDE CLOACA EN CONEXION DOMICILIARIA', 50455, '', 0, '1', '2019-01-27 11:41:39'),
	(1019987, 1019987, 1, '', '', 41, 'NORTE GRANDE', 1001352, 'MANZANA 203A', '26', 178, 'PERDIDA DE AGUA EN CALZADA', 50841, '', 4, '1', '2019-01-27 11:41:39'),
	(1019995, 1019995, 1, '', '', 9195, 'FRATERNIDAD', 1001943, 'MANZANA 340B', '14', 213, 'DESBORDE CLOACA EN CONEXION DOMICILIARIA', 50484, '', 0, '1', '2019-01-27 11:41:39'),
	(1020017, 1020017, 1, '', '', 433, 'AMPLIAC. PQUE. SAN CARLOS', 37128, 'MANZANA 64', '4', 299, 'DESOBSTRUCCION EN CONEXION DOMICILIARIA', 50777, '', 0, '1', '2019-01-27 11:41:39'),
	(1020043, 1020043, 1, '', '', 164, 'GRAND BOURG', 9663, 'GIMENEZ ZAPIOLA E.DR.', '1177', 179, 'PERDIDA DE AGUA EN VEREDA', 50842, '', 34, '1', '2019-01-27 11:41:39'),
	(1020045, 1020045, 1, '', '', 9636, 'LOS TARCOS', 1001478, 'MANZANA 816A', '20', 213, 'DESBORDE CLOACA EN CONEXION DOMICILIARIA', 50455, '', 0, '1', '2019-01-27 11:41:39'),
	(1020048, 1020048, 1, '', '', 89, 'VILLA SAN ANTONIO', 346, '16 DE SETIEMBRE', '130', 213, 'DESBORDE CLOACA EN CONEXION DOMICILIARIA', 50599, '', 0, '1', '2019-01-27 11:41:39'),
	(1020052, 1020052, 1, '', '', 175, 'SANTA ANA IV', 1001751, 'MANZANA 745', '8', 212, 'DESBORDE CLOACA EN CALZADA', 50455, '', 0, '1', '2019-01-27 11:41:39'),
	(1020060, 1020060, 1, '', '', 223, 'SAN MARTIN', 167, 'CORNEJO MARTIN', '287', 234, 'PERDIDA EN VALVULA ESCLUSA', 50928, '', 44, '1', '2019-01-27 11:41:39'),
	(1020078, 1020078, 1, '', '', 361, 'EL PILAR', 129, '12 DE OCTUBRE', '488', 213, 'DESBORDE CLOACA EN CONEXION DOMICILIARIA', 50518, '', 0, '1', '2019-01-27 11:41:39'),
	(1020146, 1020146, 1, '', '', 226, 'SAN FRANCISCO SOLANO SECC.P', 1001310, 'MANZANA 253B', '3', 184, 'VERIFICACION SERVICIO', 50689, '', 0, '1', '2019-01-27 11:41:39'),
	(1020157, 1020157, 1, '', '', 149, 'LAS PALMERAS III Y V', 23833, 'MANZANA 110 A', '1', 178, 'PERDIDA DE AGUA EN CALZADA', 50422, '', 2, '1', '2019-01-27 11:41:39'),
	(1020208, 1020208, 1, '', '', 644, 'GUSTAVO LEGUIZAMON', 11538, 'INGENIEROS JOSE', '1650', 179, 'PERDIDA DE AGUA EN VEREDA', 50842, '', 34, '1', '2019-01-27 11:41:39'),
	(1020254, 1020254, 1, '', '', 9195, 'FRATERNIDAD', 1001940, 'MANZANA 339C', '10', 299, 'DESOBSTRUCCION EN CONEXION DOMICILIARIA', 50484, '', 0, '1', '2019-01-27 11:41:39'),
	(1020276, 1020276, 1, '', '', 161, 'AUTODROMO', 1114, 'MENDIETA ANDRES', '525', 193, 'CONTROLAR PRESION DOMICILIARIA', 50689, '', 0, '1', '2019-01-27 11:41:39'),
	(1020280, 1020280, 1, '', '', 551, 'SOLIDARIDAD 4 ETAPA', 37882, 'MANZANA 412C LOTE', '20', 193, 'CONTROLAR PRESION DOMICILIARIA', 50689, '', 0, '1', '2019-01-27 11:41:39'),
	(1020281, 1020281, 1, '', '', 122, 'PORTEZUELO NORTE', 17041, 'PEÑALVA JUAN B.DR.', '50', 193, 'CONTROLAR PRESION DOMICILIARIA', 50689, '', 0, '1', '2019-01-27 11:41:39'),
	(1020284, 1020284, 1, '', '', 9669, '312 VIVIENDAS FCA VALDIVIA II', 1001545, 'MANZANA 617B', '29', 193, 'CONTROLAR PRESION DOMICILIARIA', 50689, '', 0, '1', '2019-01-27 11:41:39'),
	(1020296, 1020296, 1, '', '', 171, 'VILLA LOS SAUCES', 5708, 'GARDEL CARLOS', '680', 178, 'PERDIDA DE AGUA EN CALZADA', 50841, '', 4, '1', '2019-01-27 11:41:39'),
	(1020314, 1020314, 1, '', '', 115, 'CALIXTO GAUNA', 5283, 'BROWN GUILLERMO ALTE.', '99', 213, 'DESBORDE CLOACA EN CONEXION DOMICILIARIA', 50660, '', 0, '1', '2019-01-27 11:41:39'),
	(1020318, 1020318, 1, '', '', 2, 'SANTA ANA I', 36625, 'PASAJE N 21', '252', 213, 'DESBORDE CLOACA EN CONEXION DOMICILIARIA', 50455, '', 0, '1', '2019-01-27 11:41:39'),
	(1020320, 1020320, 1, '', '', 277, 'AMPLIACION BANCARIO', 4456, 'BLOCK', '2', 213, 'DESBORDE CLOACA EN CONEXION DOMICILIARIA', 50455, '', 0, '1', '2019-01-27 11:41:39'),
	(1020370, 1020370, 1, '', '', 273, 'SAN IGNACIO', 15219, 'MANZANA 9', '3', 184, 'VERIFICACION SERVICIO', 50689, '', 0, '1', '2019-01-27 11:41:39'),
	(1020371, 1020371, 1, '', '', 9112, 'PQUE. CARLOS TIMOTEO II', 14957, 'MANZANA 7 LOTE', '1', 184, 'VERIFICACION SERVICIO', 50689, '', 0, '1', '2019-01-27 11:41:39'),
	(1020452, 1020452, 1, '', '', 136, 'VILLA LAVALLE', 20528, 'RIO JURAMENTO', '2462', 213, 'DESBORDE CLOACA EN CONEXION DOMICILIARIA', 50484, '', 0, '1', '2019-01-27 11:41:39'),
	(1020523, 1020523, 1, '', '', 235, 'ANGOSTURA ASENT. CONSTITUCION', 1001255, 'MANZANA 221', '7', 213, 'DESBORDE CLOACA EN CONEXION DOMICILIARIA', 50484, '', 0, '1', '2019-01-27 11:41:39'),
	(1020534, 1020534, 1, '', '', 39, 'ASENTAM. DON CEFERINO', 7052, 'CORDOBA', '2012', 213, 'DESBORDE CLOACA EN CONEXION DOMICILIARIA', 50599, '', 0, '1', '2019-01-27 11:41:39'),
	(1020537, 1020537, 1, '', '', 167, 'DON CEFERINO', 2328, 'DAVALOS JUAN CARLOS', '118', 213, 'DESBORDE CLOACA EN CONEXION DOMICILIARIA', 50599, '', 0, '1', '2019-01-27 11:41:39'),
	(1020540, 1020540, 1, '', '', 41, 'NORTE GRANDE', 1001336, 'MANZANA 200E', '3', 213, 'DESBORDE CLOACA EN CONEXION DOMICILIARIA', 50484, '', 0, '1', '2019-01-27 11:41:39'),
	(1020543, 1020543, 1, '', '', 68, '20 DE FEBRERO', 12712, 'LATORRE PABLO GRAL.PJE.', '1386', 299, 'DESOBSTRUCCION EN CONEXION DOMICILIARIA', 50518, '', 0, '1', '2019-01-27 11:41:39'),
	(1020549, 1020549, 1, '', '', 356, 'LAS VIOLETAS', 20972, 'RUTA PROVINCIAL N', '95', 178, 'PERDIDA DE AGUA EN CALZADA', 50584, '', 1, '1', '2019-01-27 11:41:39'),
	(1020562, 1020562, 1, '', '', 139, 'PARQUE LA VEGA', 4456, 'BLOCK', '10', 213, 'DESBORDE CLOACA EN CONEXION DOMICILIARIA', 50777, '', 0, '1', '2019-01-27 11:41:39'),
	(1020638, 1020638, 1, '', '', 369, 'HERNANDO DE LERMA', 12843, 'LERMA HERNANDO', '1121', 213, 'DESBORDE CLOACA EN CONEXION DOMICILIARIA', 50599, '', 0, '1', '2019-01-27 11:41:39'),
	(1020642, 1020642, 1, '', '', 114, 'VILLA LAS ROSAS', 10447, 'YRIGOYEN HIPOLITO', '841', 212, 'DESBORDE CLOACA EN CALZADA', 50500, '', 0, '1', '2019-01-27 11:41:39'),
	(1020644, 1020644, 1, '', '', 41, 'NORTE GRANDE', 1001342, 'MANZANA 201B', '1', 213, 'DESBORDE CLOACA EN CONEXION DOMICILIARIA', 50484, '', 0, '1', '2019-01-27 11:41:39'),
	(1020671, 1020671, 1, '', '', 177, 'SAN NICOLAS I', 14531, 'MANZ 4 CASA', '71', 179, 'PERDIDA DE AGUA EN VEREDA', 50621, '', 56, '1', '2019-01-27 11:41:39'),
	(1020674, 1020674, 1, '', '', 68, '20 DE FEBRERO', 1656, 'ALVEAR MARCELO T. DE GRAL.', '701', 179, 'PERDIDA DE AGUA EN VEREDA', 50711, '', 29, '1', '2019-01-27 11:41:39'),
	(1020675, 1020675, 1, '', '', 13, 'MIGUEL ARAOZ', 7802, 'DIARIO LA UNION DE CATAMARCA', '2270', 179, 'PERDIDA DE AGUA EN VEREDA', 50926, '', 50, '1', '2019-01-27 11:41:39'),
	(1020681, 1020681, 1, '', '', 212, 'SANIDAD', 1000516, 'DR FEDERICO LELOIR', '267', 179, 'PERDIDA DE AGUA EN VEREDA', 50621, '', 56, '1', '2019-01-27 11:41:39'),
	(1020705, 1020705, 1, '', '', 223, 'SAN MARTIN', 2227, 'BELGRANO MANUEL GRAL.', '1470', 213, 'DESBORDE CLOACA EN CONEXION DOMICILIARIA', 50660, '', 0, '1', '2019-01-27 11:41:39'),
	(1020727, 1020727, 1, '', '', 13, 'MIGUEL ARAOZ', 7550, 'RADIO FORTIN YUNKA', '2591', 213, 'DESBORDE CLOACA EN CONEXION DOMICILIARIA', 50777, '', 0, '1', '2019-01-27 11:41:39'),
	(1020738, 1020738, 1, '', '', 215, 'VILLA MARIA ESTHER', 16324, 'ROMERO OBISPO', '1674', 212, 'DESBORDE CLOACA EN CALZADA', 50599, '', 0, '1', '2019-01-27 11:41:39'),
	(1020816, 1020816, 1, '', '', 39, 'ASENTAM. DON CEFERINO', 7052, 'CORDOBA', '2098', 213, 'DESBORDE CLOACA EN CONEXION DOMICILIARIA', 50599, '', 0, '1', '2019-01-27 11:41:39'),
	(1020840, 1020840, 1, '', '', 277, 'AMPLIACION BANCARIO', 1000389, 'BLOCK O1', '0', 179, 'PERDIDA DE AGUA EN VEREDA', 50926, '', 50, '1', '2019-01-27 11:41:39'),
	(1020862, 1020862, 1, '', '', 446, 'SOLIDARIDAD 2 ETAPA', 34721, 'MANZANA 418 C CASA', '25', 213, 'DESBORDE CLOACA EN CONEXION DOMICILIARIA', 50484, '', 0, '1', '2019-01-27 11:41:39'),
	(1020867, 1020867, 1, '', '', 108, 'INTERSINDICAL', 20125, 'RADIO EL MUNDO', '3920', 179, 'PERDIDA DE AGUA EN VEREDA', 50926, '', 50, '1', '2019-01-27 11:41:39'),
	(1020869, 1020869, 1, '', '', 143, 'LOS OLIVOS', 37280, 'RAWSON', '395', 178, 'PERDIDA DE AGUA EN CALZADA', 50846, '', 54, '1', '2019-01-27 11:41:39'),
	(1020874, 1020874, 1, '', '', 370, 'VILLA EL SOL', 9051, 'VELEZ FRANCISCO GRAL.', '204', 179, 'PERDIDA DE AGUA EN VEREDA', 50621, '', 56, '1', '2019-01-27 11:41:39'),
	(1020878, 1020878, 1, '', '', 88, 'LIBERTADOR', 21464, 'SAN MARTIN JOSE FCO.DE GRAL.', '2065', 213, 'DESBORDE CLOACA EN CONEXION DOMICILIARIA', 50660, '', 0, '1', '2019-01-27 11:41:39'),
	(1020881, 1020881, 1, '', '', 98, 'EL TRIBUNO', 7793, 'DIARIO LA NUEVA PROVINCIA', '2102', 179, 'PERDIDA DE AGUA EN VEREDA', 50926, '', 50, '1', '2019-01-27 11:41:39'),
	(1020884, 1020884, 1, '', '', 359, 'FERROVIARIO', 13045, 'LOS ACERES', '53', 179, 'PERDIDA DE AGUA EN VEREDA', 50584, '', 1, '1', '2019-01-27 11:41:39'),
	(1020885, 1020885, 1, '', '', 9734, 'EL HUAICO', 37871, 'MANZANA 465 B LOTE', '0', 179, 'PERDIDA DE AGUA EN VEREDA', 50584, '', 1, '1', '2019-01-27 11:41:39'),
	(1020886, 1020886, 1, '', '', 161, 'AUTODROMO', 5718, 'MENDITEGUI CARLOS', '748', 179, 'PERDIDA DE AGUA EN VEREDA', 50621, '', 56, '1', '2019-01-27 11:41:39'),
	(1020888, 1020888, 1, '', '', 98, 'EL TRIBUNO', 7759, 'DIARIO EL DIA', '2112', 179, 'PERDIDA DE AGUA EN VEREDA', 50926, '', 50, '1', '2019-01-27 11:41:39'),
	(1020906, 1020906, 1, '', '', 89, 'VILLA SAN ANTONIO', 346, '16 DE SETIEMBRE', '337', 213, 'DESBORDE CLOACA EN CONEXION DOMICILIARIA', 50599, '', 0, '1', '2019-01-27 11:41:39'),
	(1020917, 1020917, 1, '', '', 362, 'VILLA LUJAN', 10236, 'GUIDO TOMAS PJE.', '1927', 187, 'PERDIDA DE AGUA EN GABINETE', 50661, '', 6, '1', '2019-01-27 11:41:39'),
	(1020956, 1020956, 1, '', '', 2, 'SANTA ANA I', 36616, 'CALLE N 9', '941', 184, 'VERIFICACION SERVICIO', 50689, '', 0, '1', '2019-01-27 11:41:39'),
	(1020958, 1020958, 1, '', '', 118, 'VILLA MITRE', 1089, 'ANGELICA CRESSERI DE CORREA', '1437', 184, 'VERIFICACION SERVICIO', 50689, '', 0, '1', '2019-01-27 11:41:39'),
	(1020959, 1020959, 1, '', '', 368, 'FLORESTA', 22985, 'UNIVERSIDAD CATOLICA', '1995', 184, 'VERIFICACION SERVICIO', 50689, '', 0, '1', '2019-01-27 11:41:39'),
	(1020964, 1020964, 1, '', '', 28, '25 DE MAYO', 12255, 'LA CALDERA PJE.', '702', 213, 'DESBORDE CLOACA EN CONEXION DOMICILIARIA', 50599, '', 0, '1', '2019-01-27 11:41:39'),
	(1020973, 1020973, 1, '', '', 118, 'VILLA MITRE', 9240, 'FIGUEROA VIRGILIO', '1335', 183, 'REALIZAR PURGA EN RED', 50689, '', 0, '1', '2019-01-27 11:41:39'),
	(1021011, 1021011, 1, '', '', 9989, '58 VIVIENDAS PARQUE BELGRANO', 1001344, 'MANZANA 201E', '9', 213, 'DESBORDE CLOACA EN CONEXION DOMICILIARIA', 50518, '', 0, '1', '2019-01-27 11:41:39'),
	(1021012, 1021012, 1, '', '', 157, 'TRES CERRITOS', 13714, 'LOS TILOS', '198', 213, 'DESBORDE CLOACA EN CONEXION DOMICILIARIA', 50518, '', 0, '1', '2019-01-27 11:41:39'),
	(1021014, 1021014, 1, '', '', 68, '20 DE FEBRERO', 16132, 'NECOCHEA', '1384', 213, 'DESBORDE CLOACA EN CONEXION DOMICILIARIA', 50518, '', 0, '1', '2019-01-27 11:41:39'),
	(1021046, 1021046, 1, '', '', 98, 'EL TRIBUNO', 29860, 'DIARIO LA CAP DE MAR DEL PLATA', '2166', 179, 'PERDIDA DE AGUA EN VEREDA', 50621, '', 56, '1', '2019-01-27 11:41:39'),
	(1021048, 1021048, 1, '', '', 110, 'VILLA CRISTINA', 18339, 'CABRAL SGTO. PJE.', '954', 179, 'PERDIDA DE AGUA EN VEREDA', 50661, '', 6, '1', '2019-01-27 11:41:39'),
	(1021049, 1021049, 1, '', '', 223, 'SAN MARTIN', 1230, 'ABREU GONZALO DE PJE', '1837', 179, 'PERDIDA DE AGUA EN VEREDA', 50661, '', 6, '1', '2019-01-27 11:41:39'),
	(1021072, 1021072, 1, '', '', 89, 'VILLA SAN ANTONIO', 7052, 'CORDOBA', '920', 213, 'DESBORDE CLOACA EN CONEXION DOMICILIARIA', 50599, '', 0, '1', '2019-01-27 11:41:39'),
	(1021073, 1021073, 1, '', '', 133, 'VILLA MONICA', 23267, 'VENEZUELA', '1711', 213, 'DESBORDE CLOACA EN CONEXION DOMICILIARIA', 50484, '', 0, '1', '2019-01-27 11:41:39'),
	(1021081, 1021081, 1, '', '', 89, 'VILLA SAN ANTONIO', 2261, 'CHILE AVDA.', '1416', 213, 'DESBORDE CLOACA EN CONEXION DOMICILIARIA', 50500, '', 0, '1', '2019-01-27 11:41:39'),
	(1021088, 1021088, 1, '', '', 403, 'COSTA AZUL (COOP. POLICIAL)', 1000736, 'PJE. SGTO. AYTE. GUALBERTO BRACAMONTE', '80', 213, 'DESBORDE CLOACA EN CONEXION DOMICILIARIA', 50660, '', 0, '1', '2019-01-27 11:41:39'),
	(1021089, 1021089, 1, '', '', 9538, 'PARQUE GRAL BELGRANO ETAPA 5', 15223, 'MANZANA B', '7', 213, 'DESBORDE CLOACA EN CONEXION DOMICILIARIA', 50518, '', 0, '1', '2019-01-27 11:41:39'),
	(1021091, 1021091, 1, '', '', 41, 'NORTE GRANDE', 1001332, 'MANZANA 200A', '15', 213, 'DESBORDE CLOACA EN CONEXION DOMICILIARIA', 50484, '', 0, '1', '2019-01-27 11:41:39'),
	(1021092, 1021092, 1, '', '', 241, 'SAN BENITO', 100037, 'ALFREDO LEPERA', '3838', 213, 'DESBORDE CLOACA EN CONEXION DOMICILIARIA', 50484, '', 0, '1', '2019-01-27 11:41:39'),
	(1021096, 1021096, 1, '', '', 9152, '40 VIVIENDAS ASOCIACION INGENIEROS', 1000494, 'MANZANA 53A', '19', 184, 'VERIFICACION SERVICIO', 50689, '', 0, '1', '2019-01-27 11:41:39'),
	(1021097, 1021097, 1, '', '', 361, 'EL PILAR', 8754, 'ZUVIRIA FACUNDO DR.', '1544', 212, 'DESBORDE CLOACA EN CALZADA', 50518, '', 0, '1', '2019-01-27 11:41:39'),
	(1021099, 1021099, 1, '', '', 241, 'SAN BENITO', 15586, 'ARGENTINO MEDINA', '3701', 212, 'DESBORDE CLOACA EN CALZADA', 50484, '', 0, '1', '2019-01-27 11:41:39'),
	(1021116, 1021116, 1, '', '', 229, 'VICENTE SOLA', 10142, 'GUEMES DE TEJADA MAGDALENA', '176', 213, 'DESBORDE CLOACA EN CONEXION DOMICILIARIA', 50518, '', 0, '1', '2019-01-27 11:41:39'),
	(1021117, 1021117, 1, '', '', 361, 'EL PILAR', 1959, 'ANZOATEGUI MANUEL DR.', '433', 213, 'DESBORDE CLOACA EN CONEXION DOMICILIARIA', 50518, '', 0, '1', '2019-01-27 11:41:39'),
	(1021118, 1021118, 1, '', '', 469, 'BANCARIO', 13708, 'LOS TEROS', '4832', 213, 'DESBORDE CLOACA EN CONEXION DOMICILIARIA', 50455, '', 0, '1', '2019-01-27 11:41:39'),
	(1021126, 1021126, 1, '', '', 9034, 'LOS LAPACHOS II', 100020, 'MANZANA 470 B', '2', 212, 'DESBORDE CLOACA EN CALZADA', 50455, '', 0, '1', '2019-01-27 11:41:39'),
	(1021151, 1021151, 1, '', '', 384, 'SAN BERNARDO', 8234, 'EJERCITO DEL NORTE', '265', 178, 'PERDIDA DE AGUA EN CALZADA', 50422, '', 2, '1', '2019-01-27 11:41:39'),
	(1021152, 1021152, 1, '', '', 31, 'SARMIENTO', 7292, 'CORTEZ CARLOS MONSEÑOR', '441', 213, 'DESBORDE CLOACA EN CONEXION DOMICILIARIA', 50660, '', 0, '1', '2019-01-27 11:41:39'),
	(1021263, 1021263, 1, '', '', 9989, '58 VIVIENDAS PARQUE BELGRANO', 1001345, 'MANZANA 201G', '11', 212, 'DESBORDE CLOACA EN CALZADA', 50518, '', 0, '1', '2019-01-27 11:41:39'),
	(1021372, 1021372, 1, '', '', 273, 'SAN IGNACIO', 23911, 'MANZANA 35', '10', 232, 'REPARACION DE RED COLECTORA', 50599, '', 0, '1', '2019-01-27 11:41:39');
/*!40000 ALTER TABLE `ot` ENABLE KEYS */;

-- Volcando estructura para vista ot2.ot_view
-- Creando tabla temporal para superar errores de dependencia de VIEW
CREATE TABLE `ot_view` (
	`id` INT(11) NOT NULL,
	`nro_ot` INT(11) NULL,
	`id_loc` INT(11) NULL,
	`localidad` VARCHAR(100) NULL COLLATE 'latin1_swedish_ci',
	`zona` VARCHAR(100) NULL COLLATE 'latin1_swedish_ci',
	`id_bar` INT(11) NULL,
	`barrio` VARCHAR(100) NULL COLLATE 'latin1_swedish_ci',
	`id_cal` INT(11) NULL,
	`calle` VARCHAR(100) NULL COLLATE 'latin1_swedish_ci',
	`altura` VARCHAR(100) NULL COLLATE 'latin1_swedish_ci',
	`id_motivo` INT(11) NULL,
	`motivo` VARCHAR(100) NULL COLLATE 'latin1_swedish_ci',
	`cod_empleado_asig` INT(11) NULL,
	`nombre_empleado_asig` VARCHAR(100) NULL COLLATE 'latin1_swedish_ci',
	`cod_cuadrilla_asig` INT(11) NULL,
	`template` VARCHAR(11) NULL COLLATE 'latin1_swedish_ci',
	`template_titulo` VARCHAR(500) NULL COLLATE 'latin1_swedish_ci',
	`contratista_asig` VARCHAR(11) NULL COLLATE 'latin1_swedish_ci',
	`fchalta` TIMESTAMP NOT NULL
) ENGINE=MyISAM;

-- Volcando estructura para tabla ot2.pasos
CREATE TABLE IF NOT EXISTS `pasos` (
  `id_paso` int(11) NOT NULL,
  `desc_campo` varchar(500) DEFAULT NULL,
  `tipo` varchar(500) DEFAULT NULL,
  `foto` int(11) DEFAULT NULL,
  `obligatorio` int(11) DEFAULT NULL,
  `_id` int(11) NOT NULL AUTO_INCREMENT,
  PRIMARY KEY (`_id`)
) ENGINE=InnoDB AUTO_INCREMENT=6 DEFAULT CHARSET=latin1;

-- Volcando datos para la tabla ot2.pasos: ~5 rows (aproximadamente)
DELETE FROM `pasos`;
/*!40000 ALTER TABLE `pasos` DISABLE KEYS */;
INSERT INTO `pasos` (`id_paso`, `desc_campo`, `tipo`, `foto`, `obligatorio`, `_id`) VALUES
	(1, 'foto inicio', 'FOTO\r\n', 1, 1, 1),
	(2, 'estados de los postes\r\n', 'CADENA\r\n', 0, 0, 2),
	(3, 'cruces americanos\r\n', 'CADENA\r\n', 0, 1, 3),
	(4, 'distancia\r\n', 'MEDIDA\r\n', 0, 1, 4),
	(5, 'preuba', 'CADENA', 1, 1, 5);
/*!40000 ALTER TABLE `pasos` ENABLE KEYS */;

-- Volcando estructura para tabla ot2.pasosxtemplate
CREATE TABLE IF NOT EXISTS `pasosxtemplate` (
  `id_pasosxtemplate` int(11) NOT NULL AUTO_INCREMENT,
  `id_paso` int(11) DEFAULT NULL,
  `id_template` int(11) DEFAULT NULL,
  PRIMARY KEY (`id_pasosxtemplate`)
) ENGINE=InnoDB AUTO_INCREMENT=6 DEFAULT CHARSET=latin1;

-- Volcando datos para la tabla ot2.pasosxtemplate: ~5 rows (aproximadamente)
DELETE FROM `pasosxtemplate`;
/*!40000 ALTER TABLE `pasosxtemplate` DISABLE KEYS */;
INSERT INTO `pasosxtemplate` (`id_pasosxtemplate`, `id_paso`, `id_template`) VALUES
	(1, 1, 2),
	(2, 2, 2),
	(3, 3, 2),
	(4, 4, 2),
	(5, 1, 3);
/*!40000 ALTER TABLE `pasosxtemplate` ENABLE KEYS */;

-- Volcando estructura para vista ot2.pasosxtemplate_view
-- Creando tabla temporal para superar errores de dependencia de VIEW
CREATE TABLE `pasosxtemplate_view` (
	`id_pasosxtemplate` INT(11) NOT NULL,
	`id_paso` INT(11) NULL,
	`id_template` INT(11) NULL,
	`titulo` VARCHAR(500) NULL COLLATE 'latin1_swedish_ci',
	`desc_campo` VARCHAR(500) NULL COLLATE 'latin1_swedish_ci'
) ENGINE=MyISAM;

-- Volcando estructura para tabla ot2.sincronizar
CREATE TABLE IF NOT EXISTS `sincronizar` (
  `id` int(11) NOT NULL AUTO_INCREMENT,
  `envio` varchar(400) DEFAULT NULL,
  `tipo` varchar(400) DEFAULT NULL,
  `valor` varchar(800) DEFAULT NULL,
  `lat` varchar(20) DEFAULT NULL,
  `lng` varchar(20) DEFAULT NULL,
  `fchalta` timestamp NOT NULL DEFAULT CURRENT_TIMESTAMP ON UPDATE CURRENT_TIMESTAMP,
  `usuario` varchar(20) DEFAULT NULL,
  `imei` varchar(50) DEFAULT NULL,
  `precision` varchar(50) DEFAULT NULL,
  `gps` int(11) DEFAULT NULL,
  `red` int(11) DEFAULT NULL,
  `version` varchar(50) DEFAULT NULL,
  `aplicacion` varchar(20) DEFAULT NULL,
  `actualizada` varchar(1) DEFAULT NULL,
  PRIMARY KEY (`id`)
) ENGINE=InnoDB AUTO_INCREMENT=15 DEFAULT CHARSET=latin1;

-- Volcando datos para la tabla ot2.sincronizar: ~14 rows (aproximadamente)
DELETE FROM `sincronizar`;
/*!40000 ALTER TABLE `sincronizar` DISABLE KEYS */;
INSERT INTO `sincronizar` (`id`, `envio`, `tipo`, `valor`, `lat`, `lng`, `fchalta`, `usuario`, `imei`, `precision`, `gps`, `red`, `version`, `aplicacion`, `actualizada`) VALUES
	(1, '.', 'R', '.', NULL, NULL, '2019-01-24 14:46:12', NULL, NULL, NULL, NULL, NULL, NULL, NULL, NULL),
	(2, '.', 'R', '.', '0.0', '0.0', '2019-01-24 14:47:05', 'usuario', '000000000000000', NULL, NULL, NULL, NULL, NULL, NULL),
	(3, '.', 'R', '.', '0.0', '0.0', '2019-01-24 15:33:48', 'usuario', '000000000000000', NULL, NULL, NULL, NULL, NULL, NULL),
	(4, '.', 'R', '.', '0.0', '0.0', '2019-01-24 15:34:30', 'usuario', '000000000000000', NULL, 0, 0, NULL, 'ordenes', NULL),
	(5, '.', 'R', '.', '0.0', '0.0', '2019-01-24 15:35:14', 'usuario', '000000000000000', '.', 0, 0, NULL, 'ordenes', NULL),
	(6, '.', 'R', '.', '0.0', '0.0', '2019-01-24 15:36:15', 'usuario', '000000000000000', '.', 0, 0, '1.9', 'ordenes', NULL),
	(7, '.', 'R', '.', '0.0', '0.0', '2019-01-24 15:37:19', 'usuario', '000000000000000', '.', 0, 0, '1.9', 'ordenes', NULL),
	(8, '.', 'R', '.', '0.0', '0.0', '2019-01-24 15:37:39', 'usuario', '000000000000000', NULL, 0, 0, '1.9', 'ordenes', NULL),
	(9, '.', 'R', '.', '0.0', '0.0', '2019-01-24 15:49:16', 'usuario', '000000000000000', '.', 0, 0, NULL, 'ordenes', NULL),
	(10, '.', 'R', '.', '0.0', '0.0', '2019-01-24 15:50:10', 'usuario', '000000000000000', NULL, 0, 0, '1.9', 'ordenes', NULL),
	(11, '.', 'R', '.', '0.0', '0.0', '2019-01-24 15:50:58', 'usuario', '000000000000000', NULL, 0, 0, NULL, 'ordenes', NULL),
	(12, '.', 'R', '.', '0.0', '0.0', '2019-01-24 15:58:38', 'usuario', '000000000000000', NULL, 0, 0, NULL, 'ordenes', NULL),
	(13, '.', 'R', '.', '0.0', '0.0', '2019-01-24 15:58:58', 'usuario', '000000000000000', NULL, 0, 0, NULL, 'ordenes', NULL),
	(14, '.', 'R', '.', '0.0', '0.0', '2019-01-24 15:59:13', 'usuario', '000000000000000', NULL, 0, 0, NULL, 'ordenes', NULL);
/*!40000 ALTER TABLE `sincronizar` ENABLE KEYS */;

-- Volcando estructura para tabla ot2.template
CREATE TABLE IF NOT EXISTS `template` (
  `id_template` int(11) NOT NULL,
  `desc_template` varchar(500) DEFAULT NULL,
  `observacion` varchar(1500) DEFAULT NULL,
  `titulo` varchar(500) DEFAULT NULL,
  `_id` int(11) NOT NULL AUTO_INCREMENT,
  PRIMARY KEY (`_id`)
) ENGINE=InnoDB AUTO_INCREMENT=4 DEFAULT CHARSET=latin1;

-- Volcando datos para la tabla ot2.template: ~3 rows (aproximadamente)
DELETE FROM `template`;
/*!40000 ALTER TABLE `template` DISABLE KEYS */;
INSERT INTO `template` (`id_template`, `desc_template`, `observacion`, `titulo`, `_id`) VALUES
	(1, 'NORMAL', 'NORMAL', 'NORMAL', 1),
	(2, 'Obra N\r\nNombre Contacto\r\nTelefono Contacto\r\nOtros', 'Plano\r\nPermisos\r\nPerro\r\nCredenciales\r\nLlave central', 'Relevamiento Tendido', 2),
	(3, 'prueba23', 'preuba 23', 'prueba3', 3);
/*!40000 ALTER TABLE `template` ENABLE KEYS */;

-- Volcando estructura para vista ot2.ot_view
-- Eliminando tabla temporal y crear estructura final de VIEW
DROP TABLE IF EXISTS `ot_view`;
CREATE ALGORITHM=UNDEFINED DEFINER=`root`@`localhost` VIEW `ot_view` AS SELECT id,nro_ot,id_loc,localidad,zona,id_bar,barrio,id_cal,calle,altura,id_motivo,motivo,cod_empleado_asig,nombre_empleado_asig,cod_cuadrilla_asig
,contratista_asig template,t.titulo template_titulo,contratista_asig,fchalta 
FROM ot ot left join template t on ot.contratista_asig=t.id_template ;

-- Volcando estructura para vista ot2.pasosxtemplate_view
-- Eliminando tabla temporal y crear estructura final de VIEW
DROP TABLE IF EXISTS `pasosxtemplate_view`;
CREATE ALGORITHM=UNDEFINED DEFINER=`root`@`localhost` VIEW `pasosxtemplate_view` AS select pxt.id_pasosxtemplate, pxt.id_paso, pxt.id_template,t.titulo,p.desc_campo from  
pasosxtemplate pxt,template t,pasos p
where pxt.id_template=t.id_template
and pxt.id_paso=p.id_paso ;

/*!40101 SET SQL_MODE=IFNULL(@OLD_SQL_MODE, '') */;
/*!40014 SET FOREIGN_KEY_CHECKS=IF(@OLD_FOREIGN_KEY_CHECKS IS NULL, 1, @OLD_FOREIGN_KEY_CHECKS) */;
/*!40101 SET CHARACTER_SET_CLIENT=@OLD_CHARACTER_SET_CLIENT */;
